image,channel,param,quality,repeat,seed,psnr,ssim,compression_ratio,time_source_enc,time_channel_enc,time_interleave,time_transmission,time_channel_dec,time_source_dec,actual_error_rate,viterbi_ber,source_bits,encoded_bits
synthetic_nature,bsc,0.0,10,1,42,30.44135660687026,0.8286489518103416,28.887452248016455,0.17880590000000002,0.004637300000000011,0.0067090000000000205,0.00021380000000004173,0.3495733,0.08650119999999994,0.0,0.0,54448,108908
synthetic_nature,bsc,0.0,10,1,123,30.44135660687026,0.8286489518103416,28.887452248016455,0.17108449999999986,0.004171499999999995,0.006056400000000073,0.00012250000000002537,0.3549869999999997,0.08238480000000004,0.0,0.0,54448,108908
synthetic_nature,bsc,0.0,10,1,456,30.44135660687026,0.8286489518103416,28.887452248016455,0.18018479999999992,0.0048520000000000785,0.006390600000000024,0.00019320000000000448,0.34821670000000005,0.08413380000000004,0.0,0.0,54448,108908
synthetic_geometric,bsc,0.0,10,1,42,29.808862056326674,0.9043158416759978,32.88859150217464,0.1785648000000002,0.003870299999999993,0.0054731000000001195,0.0002145000000002284,0.3049569000000001,0.08780710000000003,0.0,0.0,47824,95660
synthetic_geometric,bsc,0.0,10,1,123,29.808862056326674,0.9043158416759978,32.88859150217464,0.1721733000000003,0.004516699999999929,0.0057323000000000235,0.00010740000000009076,0.2976740000000002,0.08791500000000019,0.0,0.0,47824,95660
synthetic_geometric,bsc,0.0,10,1,456,29.808862056326674,0.9043158416759978,32.88859150217464,0.16695230000000016,0.004019399999999784,0.004837299999999711,0.00011059999999973869,0.30475819999999976,0.08708519999999975,0.0,0.0,47824,95660
synthetic_gradient,bsc,0.0,10,1,42,33.21846376558947,0.8600738537837967,35.08351177730193,0.16983809999999977,0.004060499999999578,0.005090599999999945,0.0001024999999996723,0.2845266000000004,0.08512559999999958,0.0,0.0,44832,89676
synthetic_gradient,bsc,0.0,10,1,123,33.21846376558947,0.8600738537837967,35.08351177730193,0.16875779999999985,0.0042391999999997765,0.005173300000000047,9.250000000005087e-05,0.28702810000000056,0.08461859999999977,0.0,0.0,44832,89676
synthetic_gradient,bsc,0.0,10,1,456,33.21846376558947,0.8600738537837967,35.08351177730193,0.1682636999999998,0.003715299999999644,0.005104600000000126,9.220000000009776e-05,0.28143210000000085,0.08508139999999997,0.0,0.0,44832,89676
synthetic_noise,bsc,0.0,10,1,42,11.184136235535199,0.3643531495829448,10.870728740462235,0.18457619999999952,0.014433999999999614,0.017788300000000312,0.0005079000000005607,0.9447736999999998,0.18636199999999992,0.0,0.0,144688,289388
synthetic_noise,bsc,0.0,10,1,123,11.184136235535199,0.3643531495829448,10.870728740462235,0.18612669999999998,0.018619900000000023,0.017324200000000012,0.0005196999999999008,0.9296833999999992,0.18284209999999845,0.0,0.0,144688,289388
synthetic_noise,bsc,0.0,10,1,456,11.184136235535199,0.3643531495829448,10.870728740462235,0.19342709999999919,0.014688999999998842,0.01747489999999985,0.00047419999999931406,0.9401440000000001,0.18244909999999948,0.0,0.0,144688,289388
synthetic_nature,bsc,0.0,50,1,42,40.95311169419615,0.974870048636307,15.718580108730412,0.1784314000000009,0.009827800000000053,0.011767400000000094,0.00034600000000040154,0.634519700000002,0.20110389999999967,0.0,0.0,100064,200140
synthetic_nature,bsc,0.0,50,1,123,40.95311169419615,0.974870048636307,15.718580108730412,0.18303769999999986,0.009055899999999895,0.011698799999999565,0.00032540000000125247,0.626290599999999,0.2019491999999996,0.0,0.0,100064,200140
synthetic_nature,bsc,0.0,50,1,456,40.95311169419615,0.974870048636307,15.718580108730412,0.17682459999999978,0.008958399999999145,0.011840100000000575,0.0003079000000010268,0.6230573000000028,0.2005321000000002,0.0,0.0,100064,200140
synthetic_geometric,bsc,0.0,50,1,42,35.69254752126956,0.9641260722097083,24.736789129340714,0.17382659999999994,0.005784000000000233,0.007465500000000347,0.0002770000000005268,0.40443050000000014,0.19363260000000082,0.0,0.0,63584,127180
synthetic_geometric,bsc,0.0,50,1,123,35.69254752126956,0.9641260722097083,24.736789129340714,0.17138650000000055,0.005376899999999907,0.007134300000000593,0.00026240000000044006,0.41631729999999934,0.1922895000000011,0.0,0.0,63584,127180
synthetic_geometric,bsc,0.0,50,1,456,35.69254752126956,0.9641260722097083,24.736789129340714,0.17199130000000018,0.005342999999999876,0.0071238000000004575,0.0002776999999998253,0.40036240000000056,0.2037500000000012,0.0,0.0,63584,127180
synthetic_gradient,bsc,0.0,50,1,42,43.76490571708616,0.9724601105959613,23.982434740180533,0.17453489999999938,0.006711599999999152,0.008182399999999035,0.00025519999999978893,0.4149548999999997,0.21816630000000004,0.0,0.0,65584,131180
synthetic_gradient,bsc,0.0,50,1,123,43.76490571708616,0.9724601105959613,23.982434740180533,0.17444810000000288,0.006009999999999849,0.008490800000000576,0.0002613000000017962,0.4177525999999965,0.21932269999999932,0.0,0.0,65584,131180
synthetic_gradient,bsc,0.0,50,1,456,43.76490571708616,0.9724601105959613,23.982434740180533,0.17304269999999988,0.006018099999998583,0.007493900000000053,0.00023960000000045056,0.42790409999999923,0.21591199999999944,0.0,0.0,65584,131180
synthetic_noise,bsc,0.0,50,1,42,16.768891644360977,0.8766829435621992,2.0039343192914147,0.2898715000000003,0.07854479999999953,0.09663679999999886,0.0024762000000002615,5.3837224999999975,0.3455003000000012,0.0,0.0,784888,1569788
synthetic_noise,bsc,0.0,50,1,123,16.768891644360977,0.8766829435621992,2.0039343192914147,0.2866775999999973,0.07750620000000197,0.09792970000000167,0.002301700000000295,5.337820200000003,0.3564612000000018,0.0,0.0,784888,1569788
synthetic_noise,bsc,0.0,50,1,456,16.768891644360977,0.8766829435621992,2.0039343192914147,0.2932233999999987,0.07947519999999741,0.1001125000000016,0.002376699999999232,5.348729200000001,0.33842840000000507,0.0,0.0,784888,1569788
synthetic_nature,bsc,0.0,90,1,42,48.868770471478,0.99478220476724,8.404565468302483,0.1875727999999981,0.01845369999999491,0.02334740000000579,0.0006648000000026855,1.193980500000002,0.4929010999999974,0.0,0.0,187144,374300
synthetic_nature,bsc,0.0,90,1,123,48.868770471478,0.99478220476724,8.404565468302483,0.1914757999999992,0.01810729999999694,0.02248209999999773,0.000641799999996806,1.2016703999999976,0.4825056000000032,0.0,0.0,187144,374300
synthetic_nature,bsc,0.0,90,1,456,48.868770471478,0.99478220476724,8.404565468302483,0.189068000000006,0.01848489999999714,0.02228939999999824,0.0005601000000012846,1.1986167000000023,0.48046159999999816,0.0,0.0,187144,374300
synthetic_geometric,bsc,0.0,90,1,42,45.280790064546835,0.9927041627282011,14.708461135632527,0.17703259999999688,0.009435499999995045,0.012494500000002517,0.0003570999999951141,0.6868651000000057,0.3967275999999984,0.0,0.0,106936,213884
synthetic_geometric,bsc,0.0,90,1,123,45.280790064546835,0.9927041627282011,14.708461135632527,0.18144990000000405,0.010035599999994815,0.012563200000002439,0.0005115999999958376,0.6860380999999975,0.3916193000000021,0.0,0.0,106936,213884
synthetic_geometric,bsc,0.0,90,1,456,45.280790064546835,0.9927041627282011,14.708461135632527,0.17361480000000284,0.010321500000003425,0.01321460000000485,0.00044880000000091513,0.702992100000003,0.39645050000000026,0.0,0.0,106936,213884
synthetic_gradient,bsc,0.0,90,1,42,55.20071739817696,0.9973214293602456,16.096937940068774,0.17582890000000617,0.00943420000000117,0.011379499999996767,0.0003335000000035393,0.6394812000000059,0.4410960000000017,0.0,0.0,97712,195436
synthetic_gradient,bsc,0.0,90,1,123,55.20071739817696,0.9973214293602456,16.096937940068774,0.1809324000000032,0.009294300000000533,0.011694099999999708,0.00032889999999952124,0.6127842000000001,0.436751000000001,0.0,0.0,97712,195436
synthetic_gradient,bsc,0.0,90,1,456,55.20071739817696,0.9973214293602456,16.096937940068774,0.17768009999999634,0.008942900000000975,0.011570200000001307,0.0004029999999985989,0.6171476000000027,0.4469628999999955,0.0,0.0,97712,195436
synthetic_noise,bsc,0.0,90,1,42,29.989860150824082,0.9937565187221153,0.9429188048534842,0.4184818999999962,0.16898159999999507,0.20336669999999657,0.005224499999997079,11.674891099999996,0.7767823999999948,0.0,0.0,1668080,3336172
synthetic_noise,bsc,0.0,90,1,123,29.989860150824082,0.9937565187221153,0.9429188048534842,0.4182301000000024,0.16707669999999553,0.2084912999999915,0.005809299999995687,11.626978199999996,0.7732523999999898,0.0,0.0,1668080,3336172
synthetic_noise,bsc,0.0,90,1,456,29.989860150824082,0.9937565187221153,0.9429188048534842,0.40738199999999836,0.16521070000000293,0.21686439999999152,0.007635100000001671,11.4793703,0.7674681999999962,0.0,0.0,1668080,3336172
synthetic_nature,bsc,0.01,10,1,42,12.35826857801441,0.4459422562421489,28.887452248016455,0.17098550000000046,0.004796000000013123,0.0064176000000060185,0.00622159999998928,0.3399622000000022,0.08268909999999607,0.009913853236607142,0.010523802527181898,54448,108908
synthetic_nature,bsc,0.01,10,1,123,12.472585387873124,0.4623009740886371,28.887452248016455,0.1694572999999906,0.004625799999999458,0.005950799999993706,0.0054069000000112055,0.33844210000000885,0.08156879999999944,0.009608677455357142,0.00999118424919189,54448,108908
synthetic_nature,bsc,0.01,10,1,456,12.395856634079493,0.45680398810599937,28.887452248016455,0.1696574000000055,0.004945899999995618,0.006168299999998794,0.006043200000007687,0.334051400000007,0.08533599999999808,0.010227748325892858,0.01045033793711431,54448,108908
synthetic_geometric,bsc,0.01,10,1,42,12.85483546136007,0.554871929689574,32.88859150217464,0.16859909999999445,0.00428850000000125,0.004755000000002951,0.005093299999998635,0.29603350000000717,0.08449099999999987,0.010060628255208334,0.011186851789896287,47824,95660
synthetic_geometric,bsc,0.01,10,1,123,13.46826547336395,0.6153929530380616,32.88859150217464,0.17134240000000034,0.004043099999989863,0.005098899999993023,0.0053540999999910355,0.30270980000000236,0.08512159999999369,0.0096435546875,0.010308631649381063,47824,95660
synthetic_geometric,bsc,0.01,10,1,456,12.49141598257115,0.5265759336753316,32.88859150217464,0.16648119999999267,0.004208300000001941,0.006228800000002366,0.00464110000000062,0.2930785000000071,0.08609390000000872,0.010355631510416666,0.012002341920374707,47824,95660
synthetic_gradient,bsc,0.01,10,1,42,12.980223223590588,0.5068369105417373,35.08351177730193,0.1614481000000012,0.0042055000000118525,0.004390800000010131,0.004416300000002593,0.28806029999999794,0.08559139999999843,0.010031960227272728,0.01101891506067095,44832,89676
synthetic_gradient,bsc,0.01,10,1,123,13.82698290526238,0.5554158119487055,35.08351177730193,0.17008780000000456,0.00407350000000406,0.005087199999991299,0.004754199999993602,0.28337940000000117,0.08691100000000063,0.009710138494318182,0.009747501784439686,44832,89676
synthetic_gradient,bsc,0.01,10,1,456,13.839581723395726,0.5543158065797055,35.08351177730193,0.16634530000000325,0.0037216000000057647,0.005030199999993101,0.004858799999993835,0.2901071000000002,0.0852012000000002,0.010387073863636364,0.009881334760885083,44832,89676
synthetic_noise,bsc,0.01,10,1,42,7.79574341557209,0.17230565937589146,10.870728740462235,0.18571529999999825,0.015382500000001187,0.01636919999999975,0.016670700000005922,0.9119115000000022,0.1865210999999931,0.010087754991319444,0.01066432599800951,144688,289388
synthetic_noise,bsc,0.01,10,1,123,7.827525829014204,0.17312546935391107,10.870728740462235,0.18312629999999785,0.01505569999999068,0.017405100000004836,0.016193099999995297,0.9224942000000027,0.17777479999999457,0.009897867838541666,0.010519186110803937,144688,289388
synthetic_noise,bsc,0.01,10,1,456,7.770172044921585,0.1690300003279994,10.870728740462235,0.18524749999998846,0.014095600000004538,0.017643500000005474,0.016613700000007725,0.9320007999999831,0.17920219999999176,0.010114881727430556,0.010767997346013492,144688,289388
synthetic_nature,bsc,0.01,50,1,42,11.127327117165198,0.3728140012236274,15.718580108730412,0.17291760000000522,0.010494699999995305,0.012883500000000936,0.011381299999996486,0.6313869999999895,0.20017290000001253,0.009892578125,0.011042932523185162,100064,200140
synthetic_nature,bsc,0.01,50,1,123,11.177661664834421,0.3792111841423846,15.718580108730412,0.1755242999999922,0.00990660000000787,0.01273500000000638,0.012371500000000424,0.6490072999999938,0.21005350000000078,0.00982421875,0.01056323952670291,100064,200140
synthetic_nature,bsc,0.01,50,1,456,10.908905237938303,0.361141656674606,15.718580108730412,0.18758409999999515,0.010883100000000923,0.012913999999994985,0.012647799999996323,0.6523576000000162,0.20833659999999554,0.0102783203125,0.01101295171090502,100064,200140
synthetic_geometric,bsc,0.01,50,1,42,12.086350509654464,0.5948327505497921,24.736789129340714,0.17800400000000138,0.005775300000010475,0.006931800000003818,0.0065687999999966,0.4133059999999915,0.19984359999999413,0.0097808837890625,0.011370785103170609,63584,127180
synthetic_geometric,bsc,0.01,50,1,123,12.532291477565368,0.5806500183593525,24.736789129340714,0.17054190000000347,0.006067200000003936,0.007338199999992412,0.006815599999995925,0.3948500999999993,0.19788890000000947,0.00968170166015625,0.011433694011071967,63584,127180
synthetic_geometric,bsc,0.01,50,1,456,13.004606785414218,0.6233790804601672,24.736789129340714,0.17504800000000387,0.006624000000002184,0.007720400000010841,0.007172799999992208,0.40952120000000036,0.196855400000004,0.0103759765625,0.011402239557121288,63584,127180
synthetic_gradient,bsc,0.01,50,1,42,14.29557769350626,0.6002814134122264,23.982434740180533,0.17138570000000186,0.006142799999992121,0.008323399999994763,0.008100299999995286,0.42683940000000575,0.22451660000000118,0.009844611672794117,0.010459868260551354,65584,131180
synthetic_gradient,bsc,0.01,50,1,123,14.724787048486874,0.6470915728373602,23.982434740180533,0.17106229999998845,0.006271099999992202,0.007313699999997425,0.006815599999995925,0.41967239999999606,0.22428999999999633,0.009772805606617647,0.009941449133935106,65584,131180
synthetic_gradient,bsc,0.01,50,1,456,14.297587097199136,0.6105741130656762,23.982434740180533,0.1734656000000001,0.006028400000005263,0.007860200000010309,0.007795899999990752,0.41790059999999585,0.22513800000000117,0.010332892922794117,0.010810563552085874,65584,131180
synthetic_noise,bsc,0.01,50,1,42,6.339997655529579,0.13072402191501784,2.0039343192914147,0.2936286999999993,0.07758780000000343,0.09648099999999715,0.09291559999999777,5.392628400000007,0.3412507999999974,0.009931564331054688,0.01050213533650661,784888,1569788
synthetic_noise,bsc,0.01,50,1,123,6.3412308539959605,0.1260853830260178,2.0039343192914147,0.29069229999998925,0.07750599999999963,0.09665199999999174,0.09472309999999595,5.46202670000001,0.33632240000000024,0.010034561157226562,0.010651201190488324,784888,1569788
synthetic_noise,bsc,0.01,50,1,456,6.386813512081,0.13047876266673095,2.0039343192914147,0.2912407999999971,0.07895030000000247,0.0992243999999971,0.09329730000000325,5.440117599999994,0.33566170000000284,0.010082244873046875,0.010624445780799298,784888,1569788
synthetic_nature,bsc,0.01,90,1,42,12.251887498826859,0.2957236613892233,8.404565468302483,0.1890302000000048,0.01853309999999908,0.021618700000004765,0.02228309999999567,1.1906938000000054,0.48749839999999267,0.01005753226902174,0.010767109819176677,187144,374300
synthetic_nature,bsc,0.01,90,1,123,12.482448777938126,0.30146068560172484,8.404565468302483,0.18936919999998736,0.01847739999999476,0.02373529999999846,0.021671599999990576,1.224613799999986,0.48814130000002365,0.010081415591032608,0.010751079382721327,187144,374300
synthetic_nature,bsc,0.01,90,1,456,12.17930656345823,0.27815939616927937,8.404565468302483,0.19508279999999445,0.01941009999998755,0.02256760000000213,0.02279050000001348,1.1989282999999773,0.4939958999999874,0.01017960258152174,0.010900696789637926,187144,374300
synthetic_geometric,bsc,0.01,90,1,42,12.080523828301184,0.48111910250002815,14.708461135632527,0.1757137999999827,0.010074000000003025,0.013252199999982395,0.011287699999996903,0.6698636000000135,0.3948744000000204,0.009905779803240741,0.011025286152465025,106936,213884
synthetic_geometric,bsc,0.01,90,1,123,12.864273267646091,0.5217378043851028,14.708461135632527,0.1780828999999926,0.009972900000008167,0.012970800000005056,0.011408399999993435,0.6925025999999832,0.38879099999999767,0.009865089699074073,0.010828907009800255,106936,213884
synthetic_geometric,bsc,0.01,90,1,456,13.352771572059584,0.536838823817592,14.708461135632527,0.17346069999999258,0.01204649999999674,0.013293099999998503,0.011393999999995685,0.691075699999999,0.39729440000002114,0.01014087818287037,0.010838258397546196,106936,213884
synthetic_gradient,bsc,0.01,90,1,42,14.567832259868103,0.5011763027971963,16.096937940068774,0.1742097000000058,0.008861700000011297,0.01131219999999189,0.010046999999985928,0.6183718999999712,0.4409105000000011,0.009806315104166666,0.010449074832159816,97712,195436
synthetic_gradient,bsc,0.01,90,1,123,14.812238531805924,0.515525865395336,16.096937940068774,0.17894840000002432,0.009308900000007725,0.011114600000013297,0.010696200000012368,0.6153769999999952,0.4448443999999938,0.0097808837890625,0.009957835271000491,97712,195436
synthetic_gradient,bsc,0.01,90,1,456,13.85173030584147,0.46893608014812066,16.096937940068774,0.1785045000000025,0.009289300000006051,0.010625299999986737,0.011591399999986152,0.6150589999999738,0.4427236000000221,0.010320027669270834,0.010868675290650073,97712,195436
synthetic_noise,bsc,0.01,90,1,42,6.570509555603933,0.0910426288851437,0.9429188048534842,0.41096039999999334,0.1645364000000029,0.20772449999998344,0.1973052000000166,11.54050890000002,0.7475442999999871,0.009935566023284314,0.011157738237974198,1668080,3336172
synthetic_noise,bsc,0.01,90,1,123,6.513430187825083,0.08488372726787967,0.9429188048534842,0.42269909999998845,0.16320079999999848,0.2056965999999818,0.1944751999999994,11.674075999999985,0.7693577000000005,0.010033401788449754,0.011388542515946478,1668080,3336172
synthetic_noise,bsc,0.01,90,1,456,6.470018293531188,0.08294556371377923,0.9429188048534842,0.4245094999999992,0.17364969999999857,0.21983769999999936,0.19813330000002338,11.714335000000005,0.7653094000000067,0.010040881587009803,0.011347777085031893,1668080,3336172
synthetic_nature,bsc,0.05,10,1,42,7.912188579922482,0.12411843647542237,28.887452248016455,0.17662350000000515,0.004833700000006047,0.00653800000000615,0.006350200000014183,0.3429553000000283,0.08316930000000866,0.04945591517857143,0.051939465177784305,54448,108908
synthetic_nature,bsc,0.05,10,1,123,7.668687388225253,0.10760776877237965,28.887452248016455,0.1746387000000027,0.005404699999985496,0.006734699999981331,0.006518299999981991,0.3488378000000125,0.08400439999999776,0.050449916294642856,0.05252718189832501,54448,108908
synthetic_nature,bsc,0.05,10,1,456,7.874491372530516,0.12191326117885053,28.887452248016455,0.17198479999998995,0.004849399999983461,0.006007600000003777,0.0060212999999862404,0.3485872999999913,0.08421440000000757,0.05073765345982143,0.05272920952101087,54448,108908
synthetic_geometric,bsc,0.05,10,1,42,8.085708192937044,0.167869217445111,32.88859150217464,0.17176169999999047,0.003958099999977094,0.004948200000001179,0.005088999999998123,0.301600599999972,0.08805759999998486,0.049418131510416664,0.053487788558046166,47824,95660
synthetic_geometric,bsc,0.05,10,1,123,7.8872045745732136,0.16518793991509953,32.88859150217464,0.17552879999999504,0.004327599999982112,0.005597499999993261,0.005263299999995752,0.31330729999996265,0.0880346000000145,0.050862630208333336,0.05522331883573101,47824,95660
synthetic_geometric,bsc,0.05,10,1,456,7.89764390698892,0.16338345794392808,32.88859150217464,0.1727916000000107,0.004066399999999248,0.004910200000011855,0.005045199999983652,0.3010625999999945,0.08812840000001643,0.050771077473958336,0.054596018735362996,47824,95660
synthetic_gradient,bsc,0.05,10,1,42,8.221791069049738,0.15268379544579322,35.08351177730193,0.1763262999999995,0.004300700000015922,0.00519060000002014,0.005153500000005806,0.29157480000000646,0.08585250000001565,0.04953835227272727,0.049964311206281226,44832,89676
synthetic_gradient,bsc,0.05,10,1,123,8.608521839662128,0.16782619959107814,35.08351177730193,0.17340880000000425,0.004037600000003749,0.005009400000005826,0.004564799999997149,0.2847650999999871,0.08743060000000469,0.05093661221590909,0.05132494646680942,44832,89676
synthetic_gradient,bsc,0.05,10,1,456,8.353707576685544,0.16409129672732845,35.08351177730193,0.17087250000000154,0.004935999999986507,0.005632999999988897,0.005152699999996457,0.2874137000000019,0.0851735999999903,0.050592595880681816,0.05036581013561742,44832,89676
synthetic_noise,bsc,0.05,10,1,42,6.072061877128073,0.048470770634608,10.870728740462235,0.19094730000000482,0.014976799999999457,0.01769569999999021,0.016199000000000296,0.925617299999999,0.1813557999999773,0.049475775824652776,0.052388587858011725,144688,289388
synthetic_noise,bsc,0.05,10,1,123,6.155107590496922,0.04911080468747677,10.870728740462235,0.18473870000002535,0.013749100000012504,0.017027899999987994,0.0175620000000265,0.9389141999999708,0.18469499999997652,0.05027940538194445,0.05279636182682738,144688,289388
synthetic_noise,bsc,0.05,10,1,456,6.1599476847742,0.04756989877639479,10.870728740462235,0.18933590000000322,0.014832399999988866,0.01748259999999391,0.016866699999980028,0.925290600000011,0.18143449999999461,0.050866021050347224,0.054365254893287626,144688,289388
synthetic_nature,bsc,0.05,50,1,42,7.3595301635600645,0.07767983695016344,15.718580108730412,0.1726601999999957,0.00877849999997693,0.011514400000010028,0.012136599999990949,0.6393562000000372,0.1996370999999897,0.049658203125,0.053735609210105534,100064,200140
synthetic_nature,bsc,0.05,50,1,123,7.410655400694238,0.07595751771009322,15.718580108730412,0.17675670000002697,0.009672800000004145,0.011565200000006826,0.011530099999987442,0.6344476000000157,0.1978340000000003,0.0507470703125,0.05334585865046371,100064,200140
synthetic_nature,bsc,0.05,50,1,456,7.375551788307005,0.07629342190637474,15.718580108730412,0.1727625000000046,0.009455900000006068,0.011743800000004967,0.01267820000001052,0.637749800000023,0.19905180000000655,0.0506396484375,0.05432523185161497,100064,200140
synthetic_geometric,bsc,0.05,50,1,42,7.970870517940991,0.22129660773461138,24.736789129340714,0.1711883000000114,0.005577799999997524,0.007331599999986338,0.007138200000014194,0.39518120000002455,0.1950369000000194,0.04925537109375,0.0560832913940614,63584,127180
synthetic_geometric,bsc,0.05,50,1,123,7.846464044902804,0.20414892127118667,24.736789129340714,0.1722867000000008,0.005755199999981642,0.0064988999999968655,0.00670949999999948,0.3996458999999959,0.19857879999997863,0.05048370361328125,0.05751446904881731,63584,127180
synthetic_geometric,bsc,0.05,50,1,456,7.830413179643556,0.22255596409636777,24.736789129340714,0.16930649999997627,0.0058448000000055345,0.006832199999990962,0.0075993000000096345,0.4076208999999835,0.19586400000000026,0.0506591796875,0.05775037745344741,63584,127180
synthetic_gradient,bsc,0.05,50,1,42,9.0276044212776,0.1966268325411991,23.982434740180533,0.17207999999999402,0.005818099999999049,0.008039199999984703,0.007458299999996143,0.41334000000003357,0.22014100000001235,0.04925896139705882,0.05083556965113442,65584,131180
synthetic_gradient,bsc,0.05,50,1,123,8.689676258769454,0.18587732851456792,23.982434740180533,0.17462209999999345,0.005355699999995522,0.006961399999994455,0.007749899999993204,0.40661470000000577,0.21716430000000742,0.05065199908088235,0.052589046108807026,65584,131180
synthetic_gradient,bsc,0.05,50,1,456,8.698886255308794,0.1747464489932348,23.982434740180533,0.17463689999999588,0.0060577000000137105,0.007692499999990332,0.007451000000003205,0.40960860000001276,0.21655090000001564,0.05066636029411765,0.053351427177360335,65584,131180
synthetic_noise,bsc,0.05,50,1,42,5.808786116776622,0.0374114456425429,2.0039343192914147,0.28628029999998716,0.08010830000000624,0.09550729999997998,0.09362090000001899,5.341802400000006,0.3334974999999929,0.04992802937825521,0.05279479365208794,784888,1569788
synthetic_noise,bsc,0.05,50,1,123,5.893291938079753,0.038165970849421894,2.0039343192914147,0.2933299999999974,0.07952670000000239,0.09573609999998212,0.09419789999998329,5.405093300000004,0.33288500000000454,0.05009651184082031,0.052570557837551345,784888,1569788
synthetic_noise,bsc,0.05,50,1,456,5.748708302954272,0.03757227513534035,2.0039343192914147,0.29802029999999036,0.08269450000000234,0.09577189999998836,0.09204280000000153,5.320312900000005,0.33696299999999724,0.05013847351074219,0.05264827593236233,784888,1569788
synthetic_nature,bsc,0.05,90,1,42,8.983663117757564,0.08609426641733404,8.404565468302483,0.19379129999998668,0.01862149999999474,0.024108299999994642,0.022854999999992742,1.2007668999999908,0.4821083999999871,0.04964015794836957,0.053279827298764584,187144,374300
synthetic_nature,bsc,0.05,90,1,123,8.990284509833511,0.08757644742991949,8.404565468302483,0.1897380000000055,0.017927700000001323,0.02316909999998984,0.022510299999993322,1.2129407999999842,0.4880418999999847,0.05055568529211957,0.05393173171461548,187144,374300
synthetic_nature,bsc,0.05,90,1,456,9.08338687386111,0.09100153689551482,8.404565468302483,0.18451780000000895,0.018296100000014803,0.022229500000008784,0.02175619999999867,1.201773099999997,0.4894256999999982,0.050611413043478264,0.053979823023981535,187144,374300
synthetic_geometric,bsc,0.05,90,1,42,8.485277078209748,0.15109565925297927,14.708461135632527,0.17045300000000907,0.009901999999982536,0.012551699999988841,0.01316589999998996,0.6869832000000144,0.39454900000001203,0.04955150462962963,0.05332161292735842,106936,213884
synthetic_geometric,bsc,0.05,90,1,123,8.45155541141439,0.14910429724948063,14.708461135632527,0.1770488999999884,0.01030439999999544,0.013447200000001658,0.013264700000007679,0.6845402000000149,0.3939638999999886,0.050618489583333336,0.054593401660806465,106936,213884
synthetic_geometric,bsc,0.05,90,1,456,8.680072177565973,0.1594217975466081,14.708461135632527,0.1757853999999952,0.010310399999980291,0.012693599999977323,0.01221400000000017,0.6993695000000173,0.39773139999999785,0.050487377025462965,0.05440637390588764,106936,213884
synthetic_gradient,bsc,0.05,90,1,42,9.054027512983806,0.11343723918453961,16.096937940068774,0.18043230000000676,0.00928759999999329,0.011009400000006053,0.010719899999998006,0.6223741000000018,0.4463828000000092,0.0497283935546875,0.05290036024234485,97712,195436
synthetic_gradient,bsc,0.05,90,1,123,8.997143079455673,0.10793030619621079,16.096937940068774,0.1762410999999986,0.009352599999999711,0.010939000000007582,0.009997400000003154,0.6239705000000129,0.4489830999999924,0.0508270263671875,0.0536883903717046,97712,195436
synthetic_gradient,bsc,0.05,90,1,456,9.045094370578102,0.11209185729507455,16.096937940068774,0.176197099999996,0.01053099999998608,0.011498200000005454,0.010709200000007968,0.6279527000000087,0.4482383000000141,0.050745646158854164,0.053770263631897824,97712,195436
synthetic_noise,bsc,0.05,90,1,42,6.610421549912776,0.04220972644461179,0.9429188048534842,0.4221722999999997,0.16848860000001764,0.2072281000000089,0.20643740000002708,11.779125999999962,0.7529260000000022,0.04999168246400123,0.05629825907630329,1668080,3336172
synthetic_noise,bsc,0.05,90,1,123,6.638559320725156,0.040636641206004846,0.9429188048534842,0.418384599999996,0.16652249999998503,0.21103800000000206,0.20026859999998692,11.55347340000003,0.7483599000000254,0.05002429438572304,0.05648350199031221,1668080,3336172
synthetic_noise,bsc,0.05,90,1,456,6.742072328490339,0.04196706835531838,0.9429188048534842,0.4188599999999951,0.17409220000001824,0.2055889000000093,0.19952630000000227,11.438432099999943,0.7551425999999992,0.04996924306832108,0.05645292791712628,1668080,3336172
synthetic_nature,bsc,0.1,10,1,42,6.942864691149193,0.07111645437022653,28.887452248016455,0.17186880000002702,0.0048599000000422166,0.006536900000014612,0.006344699999999648,0.3374686999999881,0.08197699999999486,0.10086495535714286,0.10468704084631207,54448,108908
synthetic_nature,bsc,0.1,10,1,123,6.829367985341986,0.06596433595765493,28.887452248016455,0.16948619999999437,0.004529399999967154,0.0059455000000525615,0.006026800000029198,0.3375985000000128,0.08520270000002483,0.10047258649553571,0.10435645019100794,54448,108908
synthetic_nature,bsc,0.1,10,1,456,6.930586537996768,0.07432576337871177,28.887452248016455,0.17240300000003117,0.004145400000027166,0.006339200000013534,0.006903500000021268,0.3419977000000358,0.0829775000000268,0.10056849888392858,0.1051645606817514,54448,108908
synthetic_geometric,bsc,0.1,10,1,42,6.591297628877885,0.08405047391305127,32.88859150217464,0.1735326000000441,0.003747099999998227,0.005298799999991388,0.0052478999999721054,0.30425339999999323,0.08807839999997213,0.10053507486979167,0.10812562730010036,47824,95660
synthetic_geometric,bsc,0.1,10,1,123,6.56086528301379,0.08068534310139137,32.88859150217464,0.17188010000000986,0.004143900000030953,0.005076900000005935,0.004932300000007217,0.2972539000000438,0.0883825000000229,0.10108439127604167,0.10846018735362997,47824,95660
synthetic_geometric,bsc,0.1,10,1,456,6.481089873544587,0.0797992837478612,32.88859150217464,0.17075199999999313,0.004428699999948549,0.00569550000000163,0.005353400000046804,0.3050150000000258,0.08512199999995573,0.10080973307291667,0.10854382736701237,47824,95660
synthetic_gradient,bsc,0.1,10,1,42,6.994074678798939,0.0963096531404513,35.08351177730193,0.16901960000001282,0.0038018999999849257,0.004658800000015617,0.004662599999960548,0.28211570000001984,0.08676900000000387,0.10089666193181818,0.10169075660242684,44832,89676
synthetic_gradient,bsc,0.1,10,1,123,6.968093231784582,0.0949733986521815,35.08351177730193,0.17024750000001632,0.004208500000004278,0.005625300000019706,0.004751300000009451,0.28504060000005893,0.08451819999999088,0.10118519176136363,0.10033012134189864,44832,89676
synthetic_gradient,bsc,0.1,10,1,456,7.073670158949757,0.09454273582534056,35.08351177730193,0.16777600000000348,0.004350199999976212,0.004649000000028991,0.004913799999997082,0.27935129999997343,0.08654690000003029,0.10085227272727272,0.10062009279086367,44832,89676
synthetic_noise,bsc,0.1,10,1,42,5.737722707956133,0.03062231020707809,10.870728740462235,0.1856834999999819,0.013617400000043745,0.01839319999999134,0.016995300000019142,0.9301217000000293,0.1815735999999788,0.09998575846354167,0.10557198938405396,144688,289388
synthetic_noise,bsc,0.1,10,1,123,5.7404173915310786,0.028520779262787704,10.870728740462235,0.18387930000000097,0.01361509999998134,0.01711050000000114,0.017887999999970816,0.93353350000001,0.17987270000003264,0.10020955403645833,0.10532317814884441,144688,289388
synthetic_noise,bsc,0.1,10,1,456,5.786738564912326,0.028509065192782474,10.870728740462235,0.18621280000002116,0.015093200000023899,0.018499000000019805,0.017976699999962875,0.9356776999999852,0.18547850000004473,0.1009487575954861,0.10680222271370121,144688,289388
synthetic_nature,bsc,0.1,50,1,42,6.807817848905354,0.05716982802101147,15.718580108730412,0.18157860000002302,0.009627499999965039,0.012848299999973278,0.012454300000001695,0.644647099999986,0.2054345999999896,0.1001953125,0.10686160857051487,100064,200140
synthetic_nature,bsc,0.1,50,1,123,6.844900176743247,0.05726777414969272,15.718580108730412,0.18250929999999244,0.009930499999995845,0.011623100000008435,0.012302400000010039,0.6333789000000252,0.20539990000003172,0.1005712890625,0.10642188999040614,100064,200140
synthetic_nature,bsc,0.1,50,1,456,6.873258247555011,0.05698253054249866,15.718580108730412,0.1823067999999921,0.009918500000026143,0.011776200000042536,0.01190630000002102,0.6384024000000181,0.19916969999997036,0.1003369140625,0.10873041253597697,100064,200140
synthetic_geometric,bsc,0.1,50,1,42,6.435186336335187,0.12103776532389905,24.736789129340714,0.17339980000002697,0.005874800000015057,0.007539699999995264,0.006962400000020352,0.4005407999999875,0.20076330000000553,0.10045623779296875,0.11271703573225969,63584,127180
synthetic_geometric,bsc,0.1,50,1,123,6.22056052738513,0.09206463207638514,24.736789129340714,0.1773796000000516,0.0058128000000010616,0.007853299999965202,0.006584499999974014,0.4110610000000179,0.19672730000002048,0.10036468505859375,0.11384939607448415,63584,127180
synthetic_geometric,bsc,0.1,50,1,456,6.286797461820481,0.1080290201718009,24.736789129340714,0.17580950000001394,0.009874099999990449,0.010395899999991798,0.008085800000003474,0.4072500000000332,0.19990410000002612,0.10034942626953125,0.11444703069954705,63584,127180
synthetic_gradient,bsc,0.1,50,1,42,7.006149476557324,0.09777511868448996,23.982434740180533,0.17335829999996122,0.005570800000043619,0.00780090000000655,0.007593799999995099,0.4173819000000094,0.22747019999997065,0.10037051930147059,0.10334837765308612,65584,131180
synthetic_gradient,bsc,0.1,50,1,123,6.815107389712466,0.09197337663498768,23.982434740180533,0.17661390000000665,0.0062373999999749685,0.0079684000000384,0.008005900000000565,0.4259931000000279,0.2255518000000052,0.1006936465992647,0.10537631129543791,65584,131180
synthetic_gradient,bsc,0.1,50,1,456,6.94674143095842,0.09529151817828178,23.982434740180533,0.1724964,0.00644670000002634,0.007249500000000353,0.007083700000009685,0.4297730000000115,0.22587869999995291,0.1004638671875,0.1050256160039034,65584,131180
synthetic_noise,bsc,0.1,50,1,42,5.714096923716271,0.028165298767305346,2.0039343192914147,0.29781209999998737,0.08397689999998192,0.09704139999996642,0.09862070000002632,5.504265000000032,0.3398138000000017,0.09998639424641927,0.10521246343427343,784888,1569788
synthetic_noise,bsc,0.1,50,1,123,5.778966637755069,0.03209468463965508,2.0039343192914147,0.2991309999999885,0.07897069999995665,0.0998688000000243,0.09615659999997206,5.506659599999978,0.3424712999999997,0.09988212585449219,0.10480603602042585,784888,1569788
synthetic_noise,bsc,0.1,50,1,456,5.709964062408823,0.029498764068098843,2.0039343192914147,0.2979992999999581,0.0840738999999644,0.09680159999999205,0.0964872999999784,5.470754299999953,0.34511489999999867,0.10029284159342448,0.10495000560589536,784888,1569788
synthetic_nature,bsc,0.1,90,1,42,8.41310245066654,0.0765242440674039,8.404565468302483,0.1937978000000271,0.017709700000011708,0.021803299999987757,0.02306740000000218,1.2095410999999672,0.48498890000001893,0.10000477666440218,0.10708865900055572,187144,374300
synthetic_nature,bsc,0.1,90,1,123,8.417526163272981,0.0758923133451692,8.404565468302483,0.19180529999999862,0.01903909999998632,0.023244599999998172,0.023932600000023285,1.2101193999999396,0.4901303999999982,0.10029403023097826,0.10662911982216902,187144,374300
synthetic_nature,bsc,0.1,90,1,456,8.443881363720301,0.0764035211806204,8.404565468302483,0.1935611000000108,0.017707599999994272,0.023202200000014273,0.023376200000029712,1.2156112999999777,0.48884839999999485,0.10078761888586957,0.10777796776813577,187144,374300
synthetic_geometric,bsc,0.1,90,1,42,7.428190707749565,0.08877849098767206,14.708461135632527,0.1753072000000202,0.010014099999978043,0.012091300000008687,0.012202800000011393,0.6861512999999491,0.40901170000000775,0.09996202256944445,0.10726041744594898,106936,213884
synthetic_geometric,bsc,0.1,90,1,123,6.7715609447704885,0.0700242004698083,14.708461135632527,0.17722390000000132,0.012106000000017048,0.013126800000009098,0.011837200000002213,0.7127080999999862,0.40404980000005253,0.10047743055555555,0.10750355352734346,106936,213884
synthetic_geometric,bsc,0.1,90,1,456,6.960867278353375,0.07475098169585392,14.708461135632527,0.17561210000002347,0.00952829999999949,0.013620099999968716,0.01351539999996021,0.7053196999999614,0.4068348000000128,0.10014286747685185,0.1072417146704571,106936,213884
synthetic_gradient,bsc,0.1,90,1,42,7.819641218618801,0.07508722157771917,16.096937940068774,0.18317189999999073,0.009702000000004318,0.011583299999983865,0.011713400000019192,0.6165247999999792,0.44391250000001037,0.10027567545572917,0.10577001801211725,97712,195436
synthetic_gradient,bsc,0.1,90,1,123,7.483562324319031,0.06742045546695258,16.096937940068774,0.17754370000000108,0.008522299999981442,0.010491399999978057,0.011031100000025162,0.6443854999999417,0.4470457999999553,0.10069783528645833,0.10697764859996725,97712,195436
synthetic_gradient,bsc,0.1,90,1,456,7.712101458933443,0.0730893363715079,16.096937940068774,0.17995639999998048,0.00986670000003187,0.01189470000002757,0.011530400000026475,0.6150441999999998,0.4372883999999999,0.1006011962890625,0.10630219420337318,97712,195436
synthetic_noise,bsc,0.1,90,1,42,6.593505415987307,0.033136890903702136,0.9429188048534842,0.4164043000000106,0.16675259999999525,0.20731000000000677,0.20453199999997196,11.995991200000049,0.7484258999999724,0.10018651625689338,0.1122542084312503,1668080,3336172
synthetic_noise,bsc,0.1,90,1,123,6.578885746557336,0.03323378793424835,0.9429188048534842,0.41821170000002894,0.16369200000002593,0.2045605000000137,0.20196440000000848,11.690287799999965,0.7546114000000443,0.09984693340226716,0.11196105702364395,1668080,3336172
synthetic_noise,bsc,0.1,90,1,456,6.629178045941337,0.03405445450061241,0.9429188048534842,0.41893699999997125,0.16982539999997925,0.20547559999999976,0.20220849999998336,11.651756300000045,0.7503082000000063,0.10002345664828431,0.11209894009879622,1668080,3336172
synthetic_nature,bec,0.0,10,1,42,30.44135660687026,0.8286489518103416,28.887452248016455,0.17160250000000588,0.004849199999966913,0.006740100000001803,0.00018490000002202578,0.9665807999999743,0.0820110000000227,0.0,0.0,54448,108908
synthetic_nature,bec,0.0,10,1,123,30.44135660687026,0.8286489518103416,28.887452248016455,0.1690368999999805,0.0050459999999930005,0.0062629999999899155,0.00015170000000352957,0.9733023000000003,0.08260940000002392,0.0,0.0,54448,108908
synthetic_nature,bec,0.0,10,1,456,30.44135660687026,0.8286489518103416,28.887452248016455,0.17611890000000585,0.004782200000022385,0.00631730000003472,0.00016859999999496722,0.9682745999999156,0.08037500000000364,0.0,0.0,54448,108908
synthetic_geometric,bec,0.0,10,1,42,29.808862056326674,0.9043158416759978,32.88859150217464,0.1638904999999795,0.004444599999999355,0.005090899999970588,0.00014019999997572086,0.8748178000000166,0.08841059999997469,0.0,0.0,47824,95660
synthetic_geometric,bec,0.0,10,1,123,29.808862056326674,0.9043158416759978,32.88859150217464,0.16469269999998914,0.004514499999970667,0.006082399999968402,0.0002038999999740554,0.851900100000023,0.08669670000000451,0.0,0.0,47824,95660
synthetic_geometric,bec,0.0,10,1,456,29.808862056326674,0.9043158416759978,32.88859150217464,0.16773109999996905,0.004070200000001023,0.005076699999960965,9.629999999560823e-05,0.8518125999999597,0.08509109999999964,0.0,0.0,47824,95660
synthetic_gradient,bec,0.0,10,1,42,33.21846376558947,0.8600738537837967,35.08351177730193,0.17062029999999595,0.003867899999988822,0.005107000000009521,9.25999999594751e-05,0.7826568000000407,0.08378980000003367,0.0,0.0,44832,89676
synthetic_gradient,bec,0.0,10,1,123,33.21846376558947,0.8600738537837967,35.08351177730193,0.16929969999995365,0.00414299999999912,0.005004600000006576,0.0001584999999977299,0.8015844000000243,0.0835288000000105,0.0,0.0,44832,89676
synthetic_gradient,bec,0.0,10,1,456,33.21846376558947,0.8600738537837967,35.08351177730193,0.16568060000003015,0.0036356999999611617,0.00496069999996962,7.879999998294807e-05,0.7873781000000122,0.0836219999999912,0.0,0.0,44832,89676
synthetic_noise,bec,0.0,10,1,42,11.184136235535199,0.3643531495829448,10.870728740462235,0.18855569999999489,0.014302999999983967,0.018353300000001127,0.00047179999995705657,2.5933079000000134,0.17975690000002942,0.0,0.0,144688,289388
synthetic_noise,bec,0.0,10,1,123,11.184136235535199,0.3643531495829448,10.870728740462235,0.18519229999998288,0.013919899999962126,0.017286399999989044,0.000431000000048698,2.578853600000002,0.1807591999999545,0.0,0.0,144688,289388
synthetic_noise,bec,0.0,10,1,456,11.184136235535199,0.3643531495829448,10.870728740462235,0.18658270000003085,0.013660600000036993,0.01746560000003683,0.0005422000000407934,2.5900024999999687,0.18509720000002972,0.0,0.0,144688,289388
synthetic_nature,bec,0.0,50,1,42,40.95311169419615,0.974870048636307,15.718580108730412,0.17727349999995567,0.010128099999974438,0.012418799999977637,0.00032690000000457076,1.7794779999999264,0.19740180000002283,0.0,0.0,100064,200140
synthetic_nature,bec,0.0,50,1,123,40.95311169419615,0.974870048636307,15.718580108730412,0.1745783000000074,0.009068200000001525,0.011848599999950693,0.00032110000000784567,1.755266899999981,0.1941181000000256,0.0,0.0,100064,200140
synthetic_nature,bec,0.0,50,1,456,40.95311169419615,0.974870048636307,15.718580108730412,0.1784448000000225,0.009212499999989632,0.011185399999988022,0.0003378999999767984,1.79020909999997,0.2003872999999885,0.0,0.0,100064,200140
synthetic_geometric,bec,0.0,50,1,42,35.69254752126956,0.9641260722097083,24.736789129340714,0.16744890000001078,0.0058713000000238935,0.007394499999975324,0.00022639999997409177,1.17103869999994,0.18817740000002914,0.0,0.0,63584,127180
synthetic_geometric,bec,0.0,50,1,123,35.69254752126956,0.9641260722097083,24.736789129340714,0.16949929999998403,0.006153600000004644,0.00669990000000098,0.00021939999999176507,1.118458999999973,0.19144500000004427,0.0,0.0,63584,127180
synthetic_geometric,bec,0.0,50,1,456,35.69254752126956,0.9641260722097083,24.736789129340714,0.17116740000000163,0.005727000000035787,0.007210699999973258,0.00022590000003219757,1.1256606000000033,0.19226340000000164,0.0,0.0,63584,127180
synthetic_gradient,bec,0.0,50,1,42,43.76490571708616,0.9724601105959613,23.982434740180533,0.17202159999999367,0.005162400000017442,0.008023499999978867,0.00021839999999428983,1.1600640999999428,0.21799059999995052,0.0,0.0,65584,131180
synthetic_gradient,bec,0.0,50,1,123,43.76490571708616,0.9724601105959613,23.982434740180533,0.17545979999999872,0.0063116000000036365,0.0075975999999968735,0.0002172999999743297,1.1561943000000383,0.21887530000003608,0.0,0.0,65584,131180
synthetic_gradient,bec,0.0,50,1,456,43.76490571708616,0.9724601105959613,23.982434740180533,0.1676922999999988,0.005272900000022673,0.008500599999990754,0.00028029999998580024,1.1524957999999401,0.2156915999999569,0.0,0.0,65584,131180
synthetic_noise,bec,0.0,50,1,42,16.768891644360977,0.8766829435621992,2.0039343192914147,0.28671889999998257,0.07875809999995909,0.0962694000000397,0.0022121999999740183,14.31990669999999,0.3397656000000211,0.0,0.0,784888,1569788
synthetic_noise,bec,0.0,50,1,123,16.768891644360977,0.8766829435621992,2.0039343192914147,0.29138740000001917,0.0789222999999879,0.0968251999999552,0.0023632000000475273,14.307586300000025,0.34092550000002575,0.0,0.0,784888,1569788
synthetic_noise,bec,0.0,50,1,456,16.768891644360977,0.8766829435621992,2.0039343192914147,0.29379549999998744,0.07867140000001882,0.09533439999995608,0.0024957999999628555,14.266607800000031,0.33828260000001364,0.0,0.0,784888,1569788
synthetic_nature,bec,0.0,90,1,42,48.868770471478,0.99478220476724,8.404565468302483,0.18753259999999727,0.01757300000002715,0.02231520000003684,0.0006662000000119406,3.3078079000000002,0.487772399999983,0.0,0.0,187144,374300
synthetic_nature,bec,0.0,90,1,123,48.868770471478,0.99478220476724,8.404565468302483,0.18415279999999257,0.018021900000007918,0.02255110000004379,0.0006114000000252418,3.3494746000000077,0.4821372999999767,0.0,0.0,187144,374300
synthetic_nature,bec,0.0,90,1,456,48.868770471478,0.99478220476724,8.404565468302483,0.18762649999996484,0.01742980000000216,0.021575199999972483,0.0006287999999585736,3.294621100000029,0.48033329999998386,0.0,0.0,187144,374300
synthetic_geometric,bec,0.0,90,1,42,45.280790064546835,0.9927041627282011,14.708461135632527,0.17304229999996323,0.01021459999998342,0.012986800000021503,0.00036199999999553256,1.8784661999999912,0.38817180000000917,0.0,0.0,106936,213884
synthetic_geometric,bec,0.0,90,1,123,45.280790064546835,0.9927041627282011,14.708461135632527,0.17625060000000303,0.009332900000003974,0.011855599999989863,0.0003649999999879583,1.9238009000000034,0.40567500000003065,0.0,0.0,106936,213884
synthetic_geometric,bec,0.0,90,1,456,45.280790064546835,0.9927041627282011,14.708461135632527,0.18377949999995735,0.009821599999952468,0.011859099999981026,0.0004154999999741449,1.9384364000000005,0.39871919999995953,0.0,0.0,106936,213884
synthetic_gradient,bec,0.0,90,1,42,55.20071739817696,0.9973214293602456,16.096937940068774,0.18388200000003962,0.009961299999986295,0.011050999999952182,0.0003398999999717489,1.7438703999999348,0.45001990000002934,0.0,0.0,97712,195436
synthetic_gradient,bec,0.0,90,1,123,55.20071739817696,0.9973214293602456,16.096937940068774,0.17593109999995704,0.009275599999966744,0.011263799999994717,0.00041459999999915453,1.7711567999999716,0.47428459999997585,0.0,0.0,97712,195436
synthetic_gradient,bec,0.0,90,1,456,55.20071739817696,0.9973214293602456,16.096937940068774,0.18720039999999472,0.009306999999978416,0.011797599999965769,0.0003695999999990818,1.7693896999999765,0.4412906000000021,0.0,0.0,97712,195436
synthetic_noise,bec,0.0,90,1,42,29.989860150824082,0.9937565187221153,0.9429188048534842,0.4202362999999991,0.1676056000000017,0.20619609999999966,0.004949900000042362,30.950660900000003,0.7722848000000226,0.0,0.0,1668080,3336172
synthetic_noise,bec,0.0,90,1,123,29.989860150824082,0.9937565187221153,0.9429188048534842,0.41695620000001554,0.17775799999998299,0.2078243999999927,0.00491719999996576,30.660011499999996,0.7858210000000554,0.0,0.0,1668080,3336172
synthetic_noise,bec,0.0,90,1,456,29.989860150824082,0.9937565187221153,0.9429188048534842,0.42569300000002386,0.16955479999990075,0.20652229999996052,0.004899000000023079,31.012741499999947,0.7718674999999848,0.0,0.0,1668080,3336172
synthetic_nature,bec,0.05,10,1,42,19.956699369702,0.7583597435112144,28.887452248016455,0.17334170000003724,0.004764899999941008,0.005970400000023801,0.005840199999965989,0.9739998000000014,0.08577769999999418,0.04945591517857143,0.0013407287687334706,54448,108908
synthetic_nature,bec,0.05,10,1,123,20.298855452242627,0.7587335834605421,28.887452248016455,0.1805479000000787,0.004755799999998089,0.0061236000000235435,0.006022299999926872,0.9523781999999983,0.08214500000008229,0.050449916294642856,0.0012305318836320894,54448,108908
synthetic_nature,bec,0.05,10,1,456,20.183262916021786,0.7571407618068181,28.887452248016455,0.1709022999999661,0.0048600999999734995,0.0062499999999090505,0.0060442999999850144,0.9472226000000319,0.08328819999996995,0.05073765345982143,0.0014692918013517484,54448,108908
synthetic_geometric,bec,0.05,10,1,42,21.35317107651058,0.8432884983521385,32.88859150217464,0.16670529999998962,0.004057600000010098,0.0049158000000488755,0.005100299999980962,0.8339976000000888,0.08493650000002617,0.049418131510416664,0.001212780194044831,47824,95660
synthetic_geometric,bec,0.05,10,1,123,20.57242287474455,0.8370119780072013,32.88859150217464,0.1708874000000833,0.003978699999947821,0.005263799999966068,0.0048074999999698775,0.8438448999999082,0.08584159999998064,0.050862630208333336,0.0013591502174640348,47824,95660
synthetic_geometric,bec,0.05,10,1,456,19.7412310336416,0.8403305874793592,32.88859150217464,0.16365600000005998,0.003844899999990048,0.005567199999973127,0.005334999999945467,0.8349767999999358,0.08422289999998611,0.050771077473958336,0.0016100702576112413,47824,95660
synthetic_gradient,bec,0.05,10,1,42,21.867183903231346,0.8106162921872864,35.08351177730193,0.1632184000000052,0.00382230000002437,0.005069200000093588,0.004817800000068928,0.7799649999999474,0.08453080000003865,0.04953835227272727,0.0010706638115631692,44832,89676
synthetic_gradient,bec,0.05,10,1,123,22.648025911472462,0.8155735138087804,35.08351177730193,0.1718736999999919,0.003899899999964873,0.005068199999982426,0.004809900000054768,0.7970870999998851,0.08316039999999703,0.05093661221590909,0.001003747323340471,44832,89676
synthetic_gradient,bec,0.05,10,1,456,21.59765987820631,0.7983099305028764,35.08351177730193,0.1664667999999665,0.0034607999999707317,0.004587800000081188,0.004267099999992752,0.7854121999999961,0.08291159999998854,0.050592595880681816,0.0011598857958600999,44832,89676
synthetic_noise,bec,0.05,10,1,42,10.429934077664864,0.32968582353835224,10.870728740462235,0.18340219999993224,0.014135600000031445,0.018425299999989875,0.016544100000032813,2.561539899999957,0.18052190000003066,0.049475775824652776,0.0012717018688488335,144688,289388
synthetic_noise,bec,0.05,10,1,123,10.326090271198243,0.32683885118967426,10.870728740462235,0.18731830000001537,0.01392980000002808,0.019050400000082846,0.016679700000054254,2.5564833000000817,0.18243520000009994,0.05027940538194445,0.0012371447528475063,144688,289388
synthetic_noise,bec,0.05,10,1,456,10.141506230054278,0.3169086009688252,10.870728740462235,0.18480860000011035,0.01588400000002821,0.017113799999947332,0.016172600000004422,2.549250000000029,0.18176619999997,0.050866021050347224,0.001403018909653876,144688,289388
synthetic_nature,bec,0.05,50,1,42,19.181760772662166,0.8425581489432895,15.718580108730412,0.17528989999993883,0.009318799999959992,0.012124500000027183,0.011529700000096454,1.7952713999999332,0.2056704000000309,0.049658203125,0.0013691237607930925,100064,200140
synthetic_nature,bec,0.05,50,1,123,19.59244746550401,0.8513445291969032,15.718580108730412,0.1804044000000431,0.008922699999970973,0.011613300000021809,0.011132900000006885,1.7830264000000398,0.19798000000002958,0.0507470703125,0.0012991685321394307,100064,200140
synthetic_nature,bec,0.05,50,1,456,18.956409160791015,0.8373686801846792,15.718580108730412,0.17601090000005115,0.008801100000027873,0.011684500000001208,0.011366899999984525,1.756487800000059,0.197801400000003,0.0506396484375,0.0014490725935401344,100064,200140
synthetic_geometric,bec,0.05,50,1,42,20.769913297003452,0.8975579453852643,24.736789129340714,0.16816870000002382,0.00575739999999314,0.00775480000004336,0.007274400000028436,1.123025299999881,0.19828399999994417,0.04925537109375,0.0013210870659285355,63584,127180
synthetic_geometric,bec,0.05,50,1,123,21.03135727557351,0.8957674468972597,24.736789129340714,0.17286049999995612,0.00535730000001422,0.006615300000021307,0.006913699999927303,1.136474700000008,0.19482780000009825,0.05048370361328125,0.0013839959738298944,63584,127180
synthetic_geometric,bec,0.05,50,1,456,20.11316258803945,0.8878981778384082,24.736789129340714,0.17464410000002317,0.006091099999935068,0.007616400000074464,0.0064556999999467735,1.1116803999999547,0.19785780000006525,0.0506591796875,0.0015569954705586312,63584,127180
synthetic_gradient,bec,0.05,50,1,42,23.90254938373408,0.9249469627901808,23.982434740180533,0.16990260000000035,0.005637099999944439,0.007070100000078128,0.0069759000000431115,1.1609713000000284,0.21677460000000792,0.04925896139705882,0.0011740668455720907,65584,131180
synthetic_gradient,bec,0.05,50,1,123,24.154994350257542,0.9184689849396439,23.982434740180533,0.1704651999999669,0.00584440000000086,0.007892500000025393,0.007335300000022471,1.1493047999999817,0.2147830999999769,0.05065199908088235,0.0013722859233959502,65584,131180
synthetic_gradient,bec,0.05,50,1,456,24.680107222362015,0.9227093365773621,23.982434740180533,0.17057490000001962,0.005707200000074408,0.007784099999980754,0.006859200000008059,1.1579122000000552,0.21820590000004358,0.05066636029411765,0.0013875335447670163,65584,131180
synthetic_noise,bec,0.05,50,1,42,10.14977027459622,0.5925221847744736,2.0039343192914147,0.291722600000071,0.07929520000004686,0.09720320000008087,0.09487749999993866,14.107026699999892,0.3444242000000486,0.04992802937825521,0.00122183037579884,784888,1569788
synthetic_noise,bec,0.05,50,1,123,10.210545497106086,0.5925631786440485,2.0039343192914147,0.2986182000000781,0.0798279000000548,0.09365939999997863,0.0960971999999174,14.134060499999919,0.3484621000000061,0.05009651184082031,0.0013237557460427476,784888,1569788
synthetic_noise,bec,0.05,50,1,456,10.119295604037253,0.5880388747030201,2.0039343192914147,0.28558620000001156,0.07721049999997831,0.0958004000000301,0.09465430000000197,14.424466999999936,0.3596025000000509,0.05013847351074219,0.0013415926858354314,784888,1569788
synthetic_nature,bec,0.05,90,1,42,19.768592916898964,0.8014243653067378,8.404565468302483,0.19021569999995336,0.01861410000003616,0.022640600000045197,0.02133929999990869,3.3851439000000028,0.49319900000000416,0.04964015794836957,0.0012450305646988416,187144,374300
synthetic_nature,bec,0.05,90,1,123,20.052790793756195,0.8191915827309941,8.404565468302483,0.19192329999998492,0.018129100000010112,0.02404100000001108,0.02315529999998489,3.3689343999999437,0.49344540000004145,0.05055568529211957,0.0013732740563416406,187144,374300
synthetic_nature,bec,0.05,90,1,456,19.770551983917816,0.7950101207035907,8.404565468302483,0.19191280000006827,0.018783199999916178,0.022567100000060236,0.021368900000084068,3.3587899000000334,0.4914296000000604,0.050611413043478264,0.001303808831701791,187144,374300
synthetic_geometric,bec,0.05,90,1,42,18.69753474664155,0.8568534744207389,14.708461135632527,0.18172040000001743,0.009926699999937227,0.012463700000012068,0.0127053999999589,1.9390055999998594,0.4046918999999889,0.04955150462962963,0.0012437345702102191,106936,213884
synthetic_geometric,bec,0.05,90,1,123,19.719290131290258,0.8752317700427531,14.708461135632527,0.18066160000000764,0.009419699999966724,0.01222969999992074,0.011497699999949873,1.8905110999999124,0.40148920000001453,0.050618489583333336,0.0013465998354155757,106936,213884
synthetic_geometric,bec,0.05,90,1,456,20.807311870243915,0.8888121977825479,14.708461135632527,0.18615110000007462,0.010024499999985892,0.012286199999948622,0.012779900000055022,2.0685386999999764,0.41178100000001905,0.050487377025462965,0.0013933567741452831,106936,213884
synthetic_gradient,bec,0.05,90,1,42,22.638935089303573,0.9021631164276958,16.096937940068774,0.1780018999999129,0.009393900000077338,0.011846199999922646,0.011252900000044974,1.739509800000178,0.44192900000007285,0.0497283935546875,0.0012588013754707712,97712,195436
synthetic_gradient,bec,0.05,90,1,123,23.25120491816589,0.9008088487743916,16.096937940068774,0.17800690000001396,0.008722499999976208,0.010309099999972204,0.012254700000084995,1.7069335000001047,0.4354454000000487,0.0508270263671875,0.0011564598002292452,97712,195436
synthetic_gradient,bec,0.05,90,1,456,23.114117624328312,0.9082720718446241,16.096937940068774,0.17580069999996795,0.009720199999946999,0.011478799999963485,0.009868499999925007,1.7368354000000181,0.4385824999999386,0.050745646158854164,0.0014020795808089078,97712,195436
synthetic_noise,bec,0.05,90,1,42,8.53250755008406,0.4416558257781696,0.9429188048534842,0.4254970999999159,0.1686449999999695,0.2044528999999784,0.1967379999999821,30.64499269999999,0.7658330000000433,0.04999168246400123,0.0013764327849983215,1668080,3336172
synthetic_noise,bec,0.05,90,1,123,8.368405855956134,0.4225873199296803,0.9429188048534842,0.41720789999999397,0.16292359999999917,0.2046675999999934,0.2004593000000341,30.547735899999907,0.7702844000000368,0.05002429438572304,0.0014507697472543283,1668080,3336172
synthetic_noise,bec,0.05,90,1,456,8.410428798693975,0.43162889898485335,0.9429188048534842,0.4148873999999978,0.17056170000000748,0.2046619999999848,0.2000646000000188,30.46358429999998,0.7981668999999556,0.04996924306832108,0.0014297875401659392,1668080,3336172
synthetic_nature,bec,0.1,10,1,42,14.942493211582676,0.6061112800372171,28.887452248016455,0.17333469999994122,0.004930600000079721,0.006663499999945088,0.00616730000001553,0.9384163999999373,0.08348610000007284,0.10086495535714286,0.005473111960035263,54448,108908
synthetic_nature,bec,0.1,10,1,123,14.902087053163166,0.5986904419343922,28.887452248016455,0.17065200000001823,0.004448499999966771,0.006549299999960567,0.006521999999904438,0.9544515999999703,0.08317109999995864,0.10047258649553571,0.005105789009697326,54448,108908
synthetic_nature,bec,0.1,10,1,456,15.13155833601907,0.6021907581380844,28.887452248016455,0.1728802000000087,0.004962299999988318,0.0065851999999040345,0.005996500000037486,0.9457848000000695,0.08128580000004604,0.10056849888392858,0.005289450484866294,54448,108908
synthetic_geometric,bec,0.1,10,1,42,15.681782866744046,0.6965403985436502,32.88859150217464,0.17044370000007802,0.004515299999980016,0.0054185000000188666,0.00479080000002341,0.8323667999999316,0.0868427000000338,0.10053507486979167,0.005436600869856139,47824,95660
synthetic_geometric,bec,0.1,10,1,123,15.060040548886741,0.6817481403170828,32.88859150217464,0.16711950000001252,0.003791400000068279,0.005049899999903573,0.0048220999999557534,0.8305220000000872,0.08655790000000252,0.10108439127604167,0.006001170960187353,47824,95660
synthetic_geometric,bec,0.1,10,1,456,15.000617038941433,0.6956729827593175,32.88859150217464,0.16996740000001864,0.0044907000000193875,0.0054733999999143634,0.005232499999920037,0.8302216000000726,0.08722009999996772,0.10080973307291667,0.00585480093676815,47824,95660
synthetic_gradient,bec,0.1,10,1,42,15.948537357173503,0.6697585543195004,35.08351177730193,0.17145189999996546,0.004115500000011707,0.004866400000082649,0.0046635999999580235,0.7768281999999544,0.0854093999998895,0.10089666193181818,0.004795681655960029,44832,89676
synthetic_gradient,bec,0.1,10,1,123,16.703583846436466,0.6713232288739309,35.08351177730193,0.1703343000000359,0.0033786999999847467,0.004662000000053013,0.004684100000076796,0.7781847000001108,0.08540860000005068,0.10118519176136363,0.005041042112776588,44832,89676
synthetic_gradient,bec,0.1,10,1,456,16.154059338710038,0.6595070070923928,35.08351177730193,0.16285840000000462,0.003955599999926562,0.004604399999948328,0.004522400000041671,0.796440500000017,0.08456980000005387,0.10085227272727272,0.005107958600999286,44832,89676
synthetic_noise,bec,0.1,10,1,42,8.873527873512144,0.24149489317188255,10.870728740462235,0.18604830000003858,0.013853100000005725,0.017685199999959877,0.016833200000064608,2.5157350000000633,0.18209999999999127,0.09998575846354167,0.005460024328209665,144688,289388
synthetic_noise,bec,0.1,10,1,123,8.971072869510534,0.24905518258414305,10.870728740462235,0.18869059999997262,0.013972500000022592,0.017666699999949742,0.01703439999994316,2.547333300000105,0.18358569999998053,0.10020955403645833,0.0052043016697998455,144688,289388
synthetic_noise,bec,0.1,10,1,456,8.768417950312736,0.2370931318456031,10.870728740462235,0.18077869999990526,0.014498399999979483,0.017082200000004377,0.018222299999933966,2.516610200000059,0.18375270000001365,0.1009487575954861,0.005473847174610196,144688,289388
synthetic_nature,bec,0.1,50,1,42,13.459910847528295,0.5664261301163718,15.718580108730412,0.17620690000001105,0.009330999999974665,0.01200380000000223,0.012018299999908777,1.7380340000000842,0.200028599999996,0.1001953125,0.005706347937320115,100064,200140
synthetic_nature,bec,0.1,50,1,123,13.490580256837925,0.5741190147956555,15.718580108730412,0.1738553000000138,0.009391000000050553,0.011865499999998974,0.01210809999997764,1.7438283999998703,0.20141830000000027,0.1005712890625,0.00549648225135913,100064,200140
synthetic_nature,bec,0.1,50,1,456,13.542158235459677,0.5514096925645976,15.718580108730412,0.1799202999999352,0.009684699999979784,0.011430500000074062,0.01133439999989605,1.7591498000000456,0.19857969999998204,0.1003369140625,0.00550647585545251,100064,200140
synthetic_geometric,bec,0.1,50,1,42,14.682215257471736,0.7220179726163464,24.736789129340714,0.17041779999999562,0.005270699999982753,0.007315500000004249,0.007422599999927115,1.102820399999814,0.19485760000009122,0.10045623779296875,0.006070709612481127,63584,127180
synthetic_geometric,bec,0.1,50,1,123,14.901839736640452,0.7422374939565528,24.736789129340714,0.17088109999997414,0.005474700000036137,0.007071300000006886,0.006662000000005719,1.1012530000000424,0.19335559999990437,0.10036468505859375,0.006023527931555108,63584,127180
synthetic_geometric,bec,0.1,50,1,456,14.905625017085587,0.7455772896851998,24.736789129340714,0.1721536999999671,0.006024000000024898,0.007082100000047831,0.007049700000038683,1.1230225000000473,0.19379019999996672,0.10034942626953125,0.0057718922999496726,63584,127180
synthetic_gradient,bec,0.1,50,1,42,16.685911842396976,0.7683130701863495,23.982434740180533,0.17024820000006002,0.00526830000001155,0.007270500000004176,0.006964400000015303,1.1530905999999277,0.2210691999999881,0.10037051930147059,0.005168943644791413,65584,131180
synthetic_gradient,bec,0.1,50,1,123,16.68976052499424,0.7503414121906422,23.982434740180533,0.16946389999998246,0.005574000000024171,0.007697300000018004,0.00707769999996799,1.1446121000000176,0.21871219999991354,0.1006936465992647,0.005519638936325933,65584,131180
synthetic_gradient,bec,0.1,50,1,456,18.044209286967558,0.7899683459122442,23.982434740180533,0.17363430000000335,0.005767999999989115,0.006832099999996899,0.007425099999977647,1.1271262000000206,0.21971080000002985,0.1004638671875,0.005260429373017809,65584,131180
synthetic_noise,bec,0.1,50,1,42,7.148637311060057,0.26311608231446065,2.0039343192914147,0.29134770000007393,0.07892470000001595,0.0949783999999454,0.09463640000001305,14.077357600000028,0.3399918999999727,0.09998639424641927,0.005189275412542936,784888,1569788
synthetic_noise,bec,0.1,50,1,123,7.146556324216214,0.2585704147034689,2.0039343192914147,0.29131170000005113,0.08301630000005389,0.09651590000009946,0.0943325000000641,14.23793379999995,0.3394744999999375,0.09988212585449219,0.005188001345414887,784888,1569788
synthetic_noise,bec,0.1,50,1,456,7.2037802647211375,0.25858923898676595,2.0039343192914147,0.29439749999994547,0.07679519999999229,0.09642559999997502,0.0984545999999682,14.28765779999992,0.34082169999999223,0.10029284159342448,0.005216030822231962,784888,1569788
synthetic_nature,bec,0.1,90,1,42,14.760105119850405,0.48880143492953526,8.404565468302483,0.1916234999999915,0.019498300000009294,0.0229508000001033,0.0219988999999714,3.3002172999999857,0.47717360000001463,0.10000477666440218,0.005241952720899414,187144,374300
synthetic_nature,bec,0.1,90,1,123,15.017216771682671,0.48659897684006354,8.404565468302483,0.18507879999992838,0.017370899999946232,0.021700200000054792,0.020961700000043493,3.304715500000043,0.4850690000000668,0.10029403023097826,0.005391570127816013,187144,374300
synthetic_nature,bec,0.1,90,1,456,14.585299353175161,0.45247353497800447,8.404565468302483,0.19360540000002402,0.017447100000026694,0.022296200000027966,0.02316360000008899,3.3725950999998986,0.48110070000007,0.10078761888586957,0.0054930962253665625,187144,374300
synthetic_geometric,bec,0.1,90,1,42,14.79089318340073,0.6707850686913307,14.708461135632527,0.17683150000004844,0.010126199999945129,0.012441800000033254,0.01248160000000098,1.8758860000000368,0.3924526999999216,0.09996202256944445,0.0056669409740405475,106936,213884
synthetic_geometric,bec,0.1,90,1,123,14.72289561319607,0.6858604551740143,14.708461135632527,0.1796979000000647,0.009992500000066684,0.012943899999982023,0.012625499999899148,1.9000479000000041,0.39098439999997936,0.10047743055555555,0.005545372933343308,106936,213884
synthetic_geometric,bec,0.1,90,1,456,15.005186205765387,0.6745398116272217,14.708461135632527,0.1751617999999553,0.009899499999960426,0.012633400000026995,0.012544800000000578,1.877574500000037,0.3853787000000466,0.10014286747685185,0.005554724321089249,106936,213884
synthetic_gradient,bec,0.1,90,1,42,16.988835323804203,0.660562246552848,16.096937940068774,0.17421519999993507,0.008571000000074491,0.010908900000003996,0.01167499999996835,1.7247865000000502,0.43690670000000864,0.10027567545572917,0.005567381693139021,97712,195436
synthetic_gradient,bec,0.1,90,1,123,16.65607095524881,0.6522368123413992,16.096937940068774,0.17864220000001296,0.008111200000030294,0.011021400000004178,0.010918000000060601,1.7192534999999225,0.4396989000000531,0.10069783528645833,0.0052296544948419845,97712,195436
synthetic_gradient,bec,0.1,90,1,456,17.466164586549326,0.6945954916290337,16.096937940068774,0.17351699999994707,0.00909260000003087,0.010316299999999501,0.010291400000028261,1.7345706000000973,0.4442488999999341,0.1006011962890625,0.0056594891108563946,97712,195436
synthetic_noise,bec,0.1,90,1,42,6.538745889985362,0.13632469269330094,0.9429188048534842,0.42297320000000127,0.16962009999997463,0.20529390000001513,0.20248939999999038,31.989873000000102,0.7536695000000009,0.10018651625689338,0.0056448131984077506,1668080,3336172
synthetic_noise,bec,0.1,90,1,123,6.66034770667339,0.14381131422029145,0.9429188048534842,0.4111936000000469,0.1639133999999558,0.20106590000000324,0.19790580000005775,30.42701009999996,0.7429736000000275,0.09984693340226716,0.005647810656563234,1668080,3336172
synthetic_noise,bec,0.1,90,1,456,6.628372323680466,0.14457685952335722,0.9429188048534842,0.41108169999995425,0.16985859999999775,0.20764770000005228,0.20468140000002677,30.25685779999992,0.757711200000017,0.10002345664828431,0.0056238309913193615,1668080,3336172
synthetic_nature,bec,0.2,10,1,42,10.144798323636717,0.28500575963050334,28.887452248016455,0.17311900000004243,0.0048628999999209555,0.005830800000012459,0.005948400000079346,0.9390177000000222,0.08130190000008497,0.20218331473214285,0.021929180135174847,54448,108908
synthetic_nature,bec,0.2,10,1,123,10.180755506430136,0.28281542144195176,28.887452248016455,0.16789909999999963,0.004490599999940059,0.005782399999930021,0.006138799999916955,0.9258535999999822,0.08026080000001912,0.20037841796875,0.020423156038789303,54448,108908
synthetic_nature,bec,0.2,10,1,456,10.1422068134382,0.2797112495289668,28.887452248016455,0.17108310000003257,0.005313799999953517,0.006426099999998769,0.00661159999992833,0.9177323999999771,0.08144300000003568,0.2012939453125,0.02145166029973553,54448,108908
synthetic_geometric,bec,0.2,10,1,42,10.202089823380973,0.3617035980277734,32.88859150217464,0.16803939999999784,0.004479400000036549,0.005136999999990621,0.005430400000022928,0.8305781000000252,0.08731720000002952,0.201629638671875,0.02300100368016059,47824,95660
synthetic_geometric,bec,0.2,10,1,123,10.485162423627841,0.3902997128942203,32.88859150217464,0.16864770000006502,0.004059900000015659,0.005074299999932919,0.005799300000035146,0.8588022000000137,0.08636550000005627,0.20073445638020834,0.022164603546336568,47824,95660
synthetic_geometric,bec,0.2,10,1,456,9.95280254278595,0.3574211670410338,32.88859150217464,0.1729364999999916,0.003781699999990451,0.0051399000000174055,0.0054468000000724714,0.8568718000001354,0.08396419999996851,0.20157877604166666,0.02224824355971897,47824,95660
synthetic_gradient,bec,0.2,10,1,42,10.674125341874547,0.33481155770861765,35.08351177730193,0.16707080000003316,0.004290299999979652,0.004577199999971526,0.005509500000016487,0.7682498000000351,0.08509959999992134,0.20176003196022727,0.0208110278372591,44832,89676
synthetic_gradient,bec,0.2,10,1,123,11.507272954169594,0.385023450039867,35.08351177730193,0.16315529999997125,0.003952499999968495,0.004743699999949058,0.004995300000018688,0.7708108000000493,0.08343639999998231,0.20087224786931818,0.01922733761598858,44832,89676
synthetic_gradient,bec,0.2,10,1,456,10.992792405134201,0.3620416691299037,35.08351177730193,0.16920749999997042,0.00361940000004779,0.006555899999966641,0.005521199999975579,0.7582897999999432,0.0838694999999916,0.20154918323863635,0.02065488936473947,44832,89676
synthetic_noise,bec,0.2,10,1,42,6.854896723336376,0.10168803732016896,10.870728740462235,0.18479119999994964,0.01610490000007303,0.018029100000035214,0.01686739999991005,2.514622700000018,0.1803080999999338,0.20036146375868055,0.021556728961627778,144688,289388
synthetic_noise,bec,0.2,10,1,123,6.772696817469944,0.10176085728634349,10.870728740462235,0.1885176999999203,0.015974900000060188,0.016480999999998858,0.01784110000005512,2.4907752999999957,0.17889500000001135,0.20107014973958334,0.021259537764016366,144688,289388
synthetic_noise,bec,0.2,10,1,456,6.867825508381376,0.09957446329792752,10.870728740462235,0.1908071000000291,0.014092699999991964,0.016626999999971304,0.0183667000000014,2.4928853999999774,0.18710299999997915,0.2014126247829861,0.02200597146964503,144688,289388
synthetic_nature,bec,0.2,50,1,42,8.97600155737251,0.1811182126143985,15.718580108730412,0.17828850000000784,0.009094000000004598,0.012566699999979392,0.011838699999998425,1.7458431000001156,0.2060449000000517,0.200927734375,0.0228054045410937,100064,200140
synthetic_nature,bec,0.2,50,1,123,9.263440393425736,0.19653313819104737,15.718580108730412,0.17629429999999502,0.009413199999926292,0.012172899999995934,0.011882900000045993,1.7344335000000228,0.2062850999999455,0.2015087890625,0.021766069715382155,100064,200140
synthetic_nature,bec,0.2,50,1,456,9.374943481912224,0.2113217870192237,15.718580108730412,0.177804300000048,0.009419100000059188,0.012123500000029708,0.012566500000048109,1.7354609999999866,0.20246270000006916,0.201015625,0.021736088903102014,100064,200140
synthetic_geometric,bec,0.2,50,1,42,10.101915930797976,0.42325275307381993,24.736789129340714,0.17405569999993986,0.006162600000038765,0.007814800000005562,0.00779479999994237,1.1080176000000392,0.19682750000004035,0.201324462890625,0.024046930045294415,63584,127180
synthetic_geometric,bec,0.2,50,1,123,10.245514935357802,0.4374214267635257,24.736789129340714,0.1718859000000066,0.0061336999999639374,0.007141100000012557,0.007266699999945558,1.1254764999999907,0.19896719999997003,0.2008819580078125,0.02315047810770005,63584,127180
synthetic_geometric,bec,0.2,50,1,456,10.33810588059325,0.4361072105230606,24.736789129340714,0.17385090000004766,0.005255799999986266,0.00747430000001259,0.007297300000004725,1.1073202999999694,0.197487199999955,0.20058441162109375,0.02302466029189733,63584,127180
synthetic_gradient,bec,0.2,50,1,42,11.904057180832321,0.43850689991245034,23.982434740180533,0.17355250000002798,0.00583259999996244,0.007762100000036298,0.007623299999977462,1.1547389000000976,0.21778710000000956,0.20127958409926472,0.02137716516223469,65584,131180
synthetic_gradient,bec,0.2,50,1,123,12.026932360669012,0.42221807761230606,23.982434740180533,0.17089079999993828,0.005918899999983296,0.007924000000002707,0.007179199999995944,1.1363889000000427,0.22247149999998328,0.20105698529411764,0.020904488899731642,65584,131180
synthetic_gradient,bec,0.2,50,1,456,11.656571327712875,0.4064496136049338,23.982434740180533,0.17522459999997864,0.005689099999926839,0.007327199999963341,0.0071173999999700754,1.1611891000000014,0.22430870000005143,0.20047535615808823,0.02102646987070017,65584,131180
synthetic_noise,bec,0.2,50,1,42,5.998993999146563,0.0665805024889202,2.0039343192914147,0.2982058999999708,0.07849820000001273,0.09725269999989905,0.1002833999999666,14.198517200000083,0.3358484000000317,0.19985071818033853,0.021132951452946153,784888,1569788
synthetic_noise,bec,0.2,50,1,123,5.999993970144799,0.06807269780307224,2.0039343192914147,0.28745359999993525,0.07891880000011042,0.09520530000008876,0.09385999999994965,13.94158440000001,0.3400234000000637,0.1999689737955729,0.02102592981419005,784888,1569788
synthetic_noise,bec,0.2,50,1,456,6.057997410479197,0.06850866868251937,2.0039343192914147,0.2931928999998945,0.07943270000009761,0.09402699999986908,0.10098689999995258,13.964171399999941,0.3383698000000095,0.20043373107910156,0.02094948578650712,784888,1569788
synthetic_nature,bec,0.2,90,1,42,10.410006563888064,0.15562005002818527,8.404565468302483,0.18768039999986286,0.018147699999872202,0.023116899999877205,0.02267519999986689,3.2409946999998738,0.4887330999999904,0.20043149201766305,0.0219777283802847,187144,374300
synthetic_nature,bec,0.2,90,1,123,10.952684433990832,0.1760653493710759,8.404565468302483,0.19237810000004174,0.019308399999999892,0.021725699999933568,0.022794700000076773,3.296235499999966,0.48066900000003443,0.2005960215692935,0.021090710896422008,187144,374300
synthetic_nature,bec,0.2,90,1,456,10.381888439396747,0.14956147062052003,8.404565468302483,0.1864351000001534,0.017424200000050405,0.022820000000137952,0.021949700000050143,3.242034900000135,0.49686689999998634,0.20101265285326086,0.021678493566451504,187144,374300
synthetic_geometric,bec,0.2,90,1,42,11.249661381301328,0.35225695488385583,14.708461135632527,0.17663289999995868,0.009544999999889114,0.012261800000032963,0.011968700000124954,1.881377799999882,0.40387590000000273,0.20076045283564814,0.02267711528390813,106936,213884
synthetic_geometric,bec,0.2,90,1,123,10.971291380806484,0.33762816487091835,14.708461135632527,0.17804099999989376,0.009533299999930023,0.012279700000135563,0.012559799999962706,1.8530835999999908,0.3886449999999968,0.20140245225694445,0.021816787611281516,106936,213884
synthetic_geometric,bec,0.2,90,1,456,10.52161937828595,0.3284649073128682,14.708461135632527,0.17826220000006288,0.010328699999945457,0.01262259999998605,0.012736599999925602,1.8731562000000395,0.40424669999993057,0.20089156539351852,0.021751327897059924,106936,213884
synthetic_gradient,bec,0.2,90,1,42,11.574657158407575,0.2626916707376367,16.096937940068774,0.18259120000016082,0.008747299999868119,0.011148000000048341,0.011178100000051927,1.699686100000008,0.44439390000002277,0.20107523600260416,0.021993204519403963,97712,195436
synthetic_gradient,bec,0.2,90,1,123,11.391786706337514,0.26856122649054115,16.096937940068774,0.17198770000004515,0.009055499999931271,0.010655399999905057,0.01152630000001409,1.678227900000138,0.4416419000001497,0.201416015625,0.021338218437858197,97712,195436
synthetic_gradient,bec,0.2,90,1,456,11.90738483581891,0.30060115936207304,16.096937940068774,0.1797124999998232,0.009300200000097902,0.011618499999940468,0.01194390000000567,1.718619100000069,0.4504239000000325,0.20120747884114584,0.02178852136892091,97712,195436
synthetic_noise,bec,0.2,90,1,42,6.564763586812208,0.05683665340880593,0.9429188048534842,0.4212992000000213,0.16999620000001414,0.2070787999998629,0.20618389999981446,29.81648229999996,0.7411646000000474,0.2000902961282169,0.02266438060524675,1668080,3336172
synthetic_noise,bec,0.2,90,1,123,6.608454071042819,0.05728348421183721,0.9429188048534842,0.40607920000002196,0.16095289999998386,0.20293370000013056,0.20193960000005973,29.4885584000001,0.7389436000000842,0.19991915833716298,0.022754304349911277,1668080,3336172
synthetic_noise,bec,0.2,90,1,456,6.596256920278819,0.055055785045907024,0.9429188048534842,0.41972529999998187,0.16771440000002258,0.2057899000001271,0.21114200000010896,29.525580299999774,0.7668740999999955,0.20021146886488972,0.02258165076015539,1668080,3336172
