image,channel,param,quality,repeat,psnr,ssim,compression_ratio,time_source_enc,time_channel_enc,time_interleave,time_transmission,time_channel_dec,time_source_dec,actual_error_rate,viterbi_ber,source_bits,encoded_bits
synthetic_nature,bsc,0.0,10,1,30.44135660687026,0.8286489518103416,28.887452248016455,0.21637059999999997,0.005307700000000026,0.007480500000000001,0.0002644000000000535,0.7392566999999999,0.09940569999999993,0.0,0.0,54448,108908
synthetic_geometric,bsc,0.0,10,1,29.808862056326674,0.9043158416759978,32.88859150217464,0.2066747,0.004370200000000102,0.00541019999999981,0.00014179999999996973,0.35898700000000017,0.11597280000000021,0.0,0.0,47824,95660
synthetic_gradient,bsc,0.0,10,1,33.21846376558947,0.8600738537837967,35.08351177730193,0.20591170000000014,0.004977200000000348,0.005927900000000097,0.00014429999999965304,0.3401538999999998,0.16872820000000033,0.0,0.0,44832,89676
synthetic_noise,bsc,0.0,10,1,11.184136235535199,0.3643531495829448,10.870728740462235,0.5337679999999998,0.024138900000000074,0.03972299999999995,0.0007424999999998683,1.9327301999999995,0.4506869999999994,0.0,0.0,144688,289388
synthetic_nature,bsc,0.0,50,1,40.95311169419615,0.974870048636307,15.718580108730412,0.5607479999999994,0.016910299999999268,0.02408630000000045,0.0004299999999997084,1.2781978999999994,0.5003188000000005,0.0,0.0,100064,200140
synthetic_geometric,bsc,0.0,50,1,35.69254752126956,0.9641260722097083,24.736789129340714,0.5411248000000004,0.010617900000001512,0.014122000000000412,0.0005251000000008332,0.7610006000000009,0.4754345999999998,0.0,0.0,63584,127180
synthetic_gradient,bsc,0.0,50,1,43.76490571708616,0.9724601105959613,23.982434740180533,0.5315829000000001,0.012163000000001034,0.019011700000000076,0.0003176000000006951,0.868027399999999,0.5309773,0.0,0.0,65584,131180
synthetic_noise,bsc,0.0,50,1,16.768891644360977,0.8766829435621992,2.0039343192914147,0.7328926000000013,0.2273260999999991,0.2174183000000003,0.00376649999999934,6.923331899999999,0.511357799999999,0.0,0.0,784888,1569788
synthetic_nature,bsc,0.0,90,1,48.868770471478,0.99478220476724,8.404565468302483,0.2549701999999989,0.02326230000000251,0.03142589999999856,0.0009647000000008177,1.4388077999999993,0.5952943999999967,0.0,0.0,187144,374300
synthetic_geometric,bsc,0.0,90,1,45.280790064546835,0.9927041627282011,14.708461135632527,0.22489060000000194,0.011381399999997655,0.015331400000000883,0.00040729999999911115,0.826583099999997,0.45702,0.0,0.0,106936,213884
synthetic_gradient,bsc,0.0,90,1,55.20071739817696,0.9973214293602456,16.096937940068774,0.2189867000000021,0.01091419999999843,0.01326180000000221,0.00044189999999844076,0.8278087000000021,0.5349229999999991,0.0,0.0,97712,195436
synthetic_noise,bsc,0.0,90,1,29.989860150824082,0.9937565187221153,0.9429188048534842,0.4894148999999999,0.19867949999999723,0.24665790000000243,0.00558149999999813,14.438753000000002,0.9391253000000006,0.0,0.0,1668080,3336172
synthetic_nature,bsc,0.01,10,1,12.35826857801441,0.4459422562421489,28.887452248016455,0.20717540000000412,0.004898699999998257,0.006054800000001137,0.007216999999997142,0.38436759999999737,0.09857190000000315,0.009913853236607142,0.010523802527181898,54448,108908
synthetic_geometric,bsc,0.01,10,1,12.85483546136007,0.554871929689574,32.88859150217464,0.19517629999999997,0.005224900000001753,0.005725499999996941,0.005919600000005687,0.3488555000000062,0.10500330000000702,0.010060628255208334,0.011186851789896287,47824,95660
synthetic_gradient,bsc,0.01,10,1,12.980223223590588,0.5068369105417373,35.08351177730193,0.18541259999999937,0.003968299999996816,0.005392499999999245,0.005163500000001875,0.3343405999999973,0.10351279999999718,0.010031960227272728,0.01101891506067095,44832,89676
synthetic_noise,bsc,0.01,10,1,7.79574341557209,0.17230565937589146,10.870728740462235,0.21316209999999813,0.015932800000001635,0.021038900000000638,0.02119559999999865,1.0862859,0.21746949999999998,0.010087754991319444,0.01066432599800951,144688,289388
synthetic_nature,bsc,0.01,50,1,11.127327117165198,0.3728140012236274,15.718580108730412,0.21756969999999853,0.009372300000002554,0.014852099999998813,0.014414899999998454,0.7397174000000035,0.23542869999999994,0.009892578125,0.011042932523185162,100064,200140
synthetic_geometric,bsc,0.01,50,1,12.086350509654464,0.5948327505497921,24.736789129340714,0.21720050000000413,0.007358800000005772,0.008731099999998548,0.007153700000003482,0.4460831999999968,0.22574430000000234,0.0097808837890625,0.011370785103170609,63584,127180
synthetic_gradient,bsc,0.01,50,1,14.29557769350626,0.6002814134122264,23.982434740180533,0.20541739999999464,0.006072400000000755,0.00833220000000523,0.009587399999993806,0.4760863999999998,0.25602500000000106,0.009844611672794117,0.010459868260551354,65584,131180
synthetic_noise,bsc,0.01,50,1,6.339997655529579,0.13072402191501784,2.0039343192914147,0.34265269999999504,0.09345680000000556,0.11239179999999749,0.11060159999999541,6.3036334999999895,0.40066879999999827,0.009931564331054688,0.01050213533650661,784888,1569788
synthetic_nature,bsc,0.01,90,1,12.251887498826859,0.2957236613892233,8.404565468302483,0.2193539999999956,0.020922099999999944,0.025832899999997494,0.02782810000000069,1.3860922000000002,0.5582897999999972,0.01005753226902174,0.010767109819176677,187144,374300
synthetic_geometric,bsc,0.01,90,1,12.080523828301184,0.48111910250002815,14.708461135632527,0.20553010000000427,0.010923900000001652,0.01608230000000077,0.014989800000002163,0.824598800000004,0.4525732999999974,0.009905779803240741,0.011025286152465025,106936,213884
synthetic_gradient,bsc,0.01,90,1,14.567832259868103,0.5011763027971963,16.096937940068774,0.19991410000000087,0.011247099999998511,0.01389379999999818,0.013106000000000506,0.7172097999999991,0.5083939000000015,0.009806315104166666,0.010449074832159816,97712,195436
synthetic_noise,bsc,0.01,90,1,6.570509555603933,0.0910426288851437,0.9429188048534842,0.4992463000000029,0.19303529999999824,0.2352283999999969,0.23151229999999856,13.3744588,0.8809842000000003,0.009935566023284314,0.011157738237974198,1668080,3336172
synthetic_nature,bsc,0.05,10,1,7.912188579922482,0.12411843647542237,28.887452248016455,0.23455090000000212,0.005733500000005165,0.007669399999997495,0.006313700000006861,0.38703590000000077,0.10128589999999349,0.04945591517857143,0.051939465177784305,54448,108908
synthetic_geometric,bsc,0.05,10,1,8.085708192937044,0.167869217445111,32.88859150217464,0.19785459999999944,0.004640999999992346,0.005380400000007057,0.00648320000000524,0.33792390000000694,0.10226830000000575,0.049418131510416664,0.053487788558046166,47824,95660
synthetic_gradient,bsc,0.05,10,1,8.221791069049738,0.15268379544579322,35.08351177730193,0.1857114000000024,0.0038161000000087597,0.005231399999999553,0.004823500000000536,0.33174750000000586,0.10660409999999843,0.04953835227272727,0.049964311206281226,44832,89676
synthetic_noise,bsc,0.05,10,1,6.072061877128073,0.048470770634608,10.870728740462235,0.21275420000000622,0.01542919999999981,0.021451999999996474,0.019281700000007618,1.1222270999999893,0.21076460000000452,0.049475775824652776,0.052388587858011725,144688,289388
synthetic_nature,bsc,0.05,50,1,7.3595301635600645,0.07767983695016344,15.718580108730412,0.2149610000000024,0.010567200000011212,0.01431409999999289,0.014834399999998027,0.7366392999999931,0.2380324000000087,0.049658203125,0.053735609210105534,100064,200140
synthetic_geometric,bsc,0.05,50,1,7.970870517940991,0.22129660773461138,24.736789129340714,0.21183309999999267,0.007535399999994752,0.00892369999999687,0.008201400000004355,0.46689560000000085,0.2305001999999945,0.04925537109375,0.0560832913940614,63584,127180
synthetic_gradient,bsc,0.05,50,1,9.0276044212776,0.1966268325411991,23.982434740180533,0.21552579999999466,0.006874400000000946,0.008358300000011809,0.008296500000000151,0.46196049999998934,0.2545987000000025,0.04925896139705882,0.05083556965113442,65584,131180
synthetic_noise,bsc,0.05,50,1,5.808786116776622,0.0374114456425429,2.0039343192914147,0.35034619999998995,0.09086039999999684,0.11312790000000916,0.11179429999999968,6.127360600000017,0.40440680000000384,0.04992802937825521,0.05279479365208794,784888,1569788
synthetic_nature,bsc,0.05,90,1,8.983663117757564,0.08609426641733404,8.404565468302483,0.2109037000000029,0.022032299999992233,0.024928599999995527,0.026273299999999722,1.3643027000000103,0.5819371999999987,0.04964015794836957,0.053279827298764584,187144,374300
synthetic_geometric,bsc,0.05,90,1,8.485277078209748,0.15109565925297927,14.708461135632527,0.21633489999999256,0.016978700000009894,0.016416300000003048,0.014243899999996756,0.7836404000000101,0.4542639999999949,0.04955150462962963,0.05332161292735842,106936,213884
synthetic_gradient,bsc,0.05,90,1,9.054027512983806,0.11343723918453961,16.096937940068774,0.21680729999999926,0.00968879999999217,0.013007400000006442,0.014341900000005126,0.7349657000000036,0.5171045999999961,0.0497283935546875,0.05290036024234485,97712,195436
synthetic_noise,bsc,0.05,90,1,6.610421549912776,0.04220972644461179,0.9429188048534842,0.4875075999999865,0.19435960000001273,0.23778319999999553,0.23517429999999706,14.8507168,0.9321958000000024,0.04999168246400123,0.05629825907630329,1668080,3336172
synthetic_nature,bsc,0.1,10,1,6.942864691149193,0.07111645437022653,28.887452248016455,0.2234710999999976,0.006395999999995183,0.006362800000005109,0.0067510999999882415,0.4140979000000158,0.11832389999999293,0.10086495535714286,0.10468704084631207,54448,108908
synthetic_geometric,bsc,0.1,10,1,6.591297628877885,0.08405047391305127,32.88859150217464,0.22132990000000063,0.0049877000000009275,0.00588280000000907,0.005615900000009333,0.36753859999998895,0.11562070000000801,0.10053507486979167,0.10812562730010036,47824,95660
synthetic_gradient,bsc,0.1,10,1,6.994074678798939,0.0963096531404513,35.08351177730193,0.2167796000000095,0.0044265000000081045,0.005217600000008815,0.0057091999999983045,0.337141900000006,0.1189643000000018,0.10089666193181818,0.10169075660242684,44832,89676
synthetic_noise,bsc,0.1,10,1,5.737722707956133,0.03062231020707809,10.870728740462235,0.25616379999999594,0.017050500000010516,0.021292699999989395,0.0224765999999903,1.2158873999999997,0.20888449999999636,0.09998575846354167,0.10557198938405396,144688,289388
synthetic_nature,bsc,0.1,50,1,6.807817848905354,0.05716982802101147,15.718580108730412,0.22230239999998958,0.010270099999999616,0.012825599999999326,0.014197300000006408,0.738279200000008,0.23510869999999784,0.1001953125,0.10686160857051487,100064,200140
synthetic_geometric,bsc,0.1,50,1,6.435186336335187,0.12103776532389905,24.736789129340714,0.21228290000000527,0.006870499999990898,0.00835949999999741,0.007295700000000238,0.49237390000000403,0.24691960000001245,0.10045623779296875,0.11271703573225969,63584,127180
synthetic_gradient,bsc,0.1,50,1,7.006149476557324,0.09777511868448996,23.982434740180533,0.24241539999999873,0.007346800000007647,0.009761800000006815,0.011278599999997141,0.5152156000000048,0.2583068999999938,0.10037051930147059,0.10334837765308612,65584,131180
synthetic_noise,bsc,0.1,50,1,5.714096923716271,0.028165298767305346,2.0039343192914147,0.37700870000000464,0.09754879999999844,0.11596120000000099,0.12507290000000637,6.3598307999999975,0.4254047000000014,0.09998639424641927,0.10521246343427343,784888,1569788
synthetic_nature,bsc,0.1,90,1,8.41310245066654,0.0765242440674039,8.404565468302483,0.24666999999999462,0.022174699999993663,0.02660800000001018,0.02862700000000018,1.4520077999999899,0.5659813000000042,0.10000477666440218,0.10708865900055572,187144,374300
synthetic_geometric,bsc,0.1,90,1,7.428190707749565,0.08877849098767206,14.708461135632527,0.226583799999986,0.010156100000017432,0.01501020000000608,0.014494200000001456,0.8184635999999728,0.4830643999999893,0.09996202256944445,0.10726041744594898,106936,213884
synthetic_gradient,bsc,0.1,90,1,7.819641218618801,0.07508722157771917,16.096937940068774,0.2144295000000227,0.012077400000009675,0.013099500000009812,0.012552400000004127,0.7563032999999848,0.5376946000000089,0.10027567545572917,0.10577001801211725,97712,195436
synthetic_noise,bsc,0.1,90,1,6.593505415987307,0.033136890903702136,0.9429188048534842,0.5409657999999808,0.20935629999999605,0.26171850000000063,0.24412430000000995,14.910160100000013,0.8954614000000163,0.10018651625689338,0.1122542084312503,1668080,3336172
synthetic_nature,bec,0.0,10,1,30.44135660687026,0.8286489518103416,28.887452248016455,0.2099920999999938,0.0051224999999988086,0.006995899999992616,0.0002321000000051754,1.0768756000000224,0.12783140000001936,0.0,0.0,54448,108908
synthetic_geometric,bec,0.0,10,1,29.808862056326674,0.9043158416759978,32.88859150217464,0.21843090000001553,0.004418600000008155,0.007192300000014029,0.00016279999999824213,0.966237499999977,0.11042729999999779,0.0,0.0,47824,95660
synthetic_gradient,bec,0.0,10,1,33.21846376558947,0.8600738537837967,35.08351177730193,0.20157520000000773,0.006148599999988846,0.0063197999999999865,0.00010500000001911758,0.896305400000017,0.11030479999999443,0.0,0.0,44832,89676
synthetic_noise,bec,0.0,10,1,11.184136235535199,0.3643531495829448,10.870728740462235,0.22526099999998905,0.016635100000002012,0.021146200000004,0.0005592999999919357,2.906934399999983,0.21733679999999822,0.0,0.0,144688,289388
synthetic_nature,bec,0.0,50,1,40.95311169419615,0.974870048636307,15.718580108730412,0.2162544999999909,0.010144400000001497,0.01430980000000659,0.0005169000000080359,2.024324799999988,0.2479835000000037,0.0,0.0,100064,200140
synthetic_geometric,bec,0.0,50,1,35.69254752126956,0.9641260722097083,24.736789129340714,0.2089441999999906,0.005543699999975615,0.006950299999999743,0.00035489999999072097,1.315757700000006,0.2457345999999916,0.0,0.0,63584,127180
synthetic_gradient,bec,0.0,50,1,43.76490571708616,0.9724601105959613,23.982434740180533,0.20462569999997982,0.006799400000005562,0.008503000000018801,0.00022490000000630062,1.3016489999999976,0.2673661999999979,0.0,0.0,65584,131180
synthetic_noise,bec,0.0,50,1,16.768891644360977,0.8766829435621992,2.0039343192914147,0.3708948000000021,0.09520229999998264,0.1194708000000162,0.003133300000001782,16.477493400000014,0.41077110000000516,0.0,0.0,784888,1569788
synthetic_nature,bec,0.0,90,1,48.868770471478,0.99478220476724,8.404565468302483,0.2241275000000087,0.022185199999995575,0.027378900000002204,0.0010555000000067594,3.775862399999994,0.5893192999999997,0.0,0.0,187144,374300
synthetic_geometric,bec,0.0,90,1,45.280790064546835,0.9927041627282011,14.708461135632527,0.22150110000001177,0.011883000000011634,0.015170399999988149,0.0005065999999942505,2.1851544999999817,0.46441659999999274,0.0,0.0,106936,213884
synthetic_gradient,bec,0.0,90,1,55.20071739817696,0.9973214293602456,16.096937940068774,0.23140069999999469,0.010182899999989559,0.013309200000009014,0.0003669000000172673,1.9918944999999724,0.5247367999999994,0.0,0.0,97712,195436
synthetic_noise,bec,0.0,90,1,29.989860150824082,0.9937565187221153,0.9429188048534842,0.4935337000000004,0.1960803999999996,0.24195929999999066,0.005746399999992491,35.86447660000002,0.9549948999999742,0.0,0.0,1668080,3336172
synthetic_nature,bec,0.05,10,1,19.956699369702,0.7583597435112144,28.887452248016455,0.2408892999999921,0.00691969999999742,0.008088299999997162,0.00793429999998807,1.0956874999999968,0.10883190000001264,0.04945591517857143,0.0013407287687334706,54448,108908
synthetic_geometric,bec,0.05,10,1,21.35317107651058,0.8432884983521385,32.88859150217464,0.20881909999999948,0.0042236000000173135,0.00517930000000888,0.005934300000006942,0.9513407000000313,0.10646389999999428,0.049418131510416664,0.001212780194044831,47824,95660
synthetic_gradient,bec,0.05,10,1,21.867183903231346,0.8106162921872864,35.08351177730193,0.19050680000000852,0.004709999999988668,0.005791999999985364,0.0053581999999892105,0.8841748000000109,0.10570020000000113,0.04953835227272727,0.0010706638115631692,44832,89676
synthetic_noise,bec,0.05,10,1,10.429934077664864,0.32968582353835224,10.870728740462235,0.2264942999999846,0.017948300000000472,0.02285779999999704,0.021501299999982848,2.938916500000005,0.22162939999998343,0.049475775824652776,0.0012717018688488335,144688,289388
synthetic_nature,bec,0.05,50,1,19.181760772662166,0.8425581489432895,15.718580108730412,0.20956480000000965,0.010034500000017488,0.013475699999986546,0.012496099999992794,1.9643953000000067,0.24354819999999222,0.049658203125,0.0013691237607930925,100064,200140
synthetic_geometric,bec,0.05,50,1,20.769913297003452,0.8975579453852643,24.736789129340714,0.19882379999998534,0.005966999999998279,0.0069424999999796455,0.0077950000000157615,1.234957900000012,0.22863660000001573,0.04925537109375,0.0013210870659285355,63584,127180
synthetic_gradient,bec,0.05,50,1,23.90254938373408,0.9249469627901808,23.982434740180533,0.20745940000000473,0.005823100000014847,0.008564699999993763,0.010174900000009757,1.28789009999997,0.25585859999998206,0.04925896139705882,0.0011740668455720907,65584,131180
synthetic_noise,bec,0.05,50,1,10.14977027459622,0.5925221847744736,2.0039343192914147,0.36461069999998585,0.1009523000000172,0.11511629999998263,0.11272389999999177,15.909271599999983,0.415548699999988,0.04992802937825521,0.00122183037579884,784888,1569788
synthetic_nature,bec,0.05,90,1,19.768592916898964,0.8014243653067378,8.404565468302483,0.22743559999997842,0.021816599999965547,0.02688260000002174,0.025240900000028432,3.825191600000039,0.5634310000000369,0.04964015794836957,0.0012450305646988416,187144,374300
synthetic_geometric,bec,0.05,90,1,18.69753474664155,0.8568534744207389,14.708461135632527,0.1986082999999894,0.011032300000010764,0.01497940000001563,0.014352199999962068,2.1353862999999933,0.4491719999999759,0.04955150462962963,0.0012437345702102191,106936,213884
synthetic_gradient,bec,0.05,90,1,22.638935089303573,0.9021631164276958,16.096937940068774,0.2105755999999701,0.011143899999979112,0.01384930000000395,0.012984399999993457,1.9168912999999748,0.5088853999999969,0.0497283935546875,0.0012588013754707712,97712,195436
synthetic_noise,bec,0.05,90,1,8.53250755008406,0.4416558257781696,0.9429188048534842,0.49549869999998464,0.19144819999996798,0.24373679999996511,0.23181119999998145,33.70115520000002,0.9179282999999714,0.04999168246400123,0.0013764327849983215,1668080,3336172
synthetic_nature,bec,0.1,10,1,14.942493211582676,0.6061112800372171,28.887452248016455,0.2074117999999885,0.006479699999999866,0.006551399999978003,0.007007100000009814,1.0577726999999868,0.1015704999999798,0.10086495535714286,0.005473111960035263,54448,108908
synthetic_geometric,bec,0.1,10,1,15.681782866744046,0.6965403985436502,32.88859150217464,0.2043100999999865,0.0066795999999840205,0.006043299999987539,0.006189899999981208,0.934246700000017,0.10799709999997731,0.10053507486979167,0.005436600869856139,47824,95660
synthetic_gradient,bec,0.1,10,1,15.948537357173503,0.6697585543195004,35.08351177730193,0.19711960000000772,0.004416699999978846,0.0048989000000005944,0.004903899999987971,0.8729390999999964,0.10120799999998553,0.10089666193181818,0.004795681655960029,44832,89676
synthetic_noise,bec,0.1,10,1,8.873527873512144,0.24149489317188255,10.870728740462235,0.21660539999999173,0.016489300000046114,0.01983380000001489,0.020987899999965975,2.853189299999997,0.2194145000000276,0.09998575846354167,0.005460024328209665,144688,289388
synthetic_nature,bec,0.1,50,1,13.459910847528295,0.5664261301163718,15.718580108730412,0.21117040000001452,0.00983259999998154,0.013687399999980698,0.013022299999988718,1.9527889999999957,0.2449355999999625,0.1001953125,0.005706347937320115,100064,200140
synthetic_geometric,bec,0.1,50,1,14.682215257471736,0.7220179726163464,24.736789129340714,0.2019346000000155,0.007078199999966728,0.007739000000015039,0.007503199999973731,1.2418224999999552,0.23688069999997197,0.10045623779296875,0.006070709612481127,63584,127180
synthetic_gradient,bec,0.1,50,1,16.685911842396976,0.7683130701863495,23.982434740180533,0.20691820000001826,0.006320000000016535,0.007965500000011616,0.00897149999997282,1.2608123000000546,0.2570774000000142,0.10037051930147059,0.005168943644791413,65584,131180
synthetic_noise,bec,0.1,50,1,7.148637311060057,0.26311608231446065,2.0039343192914147,0.3604047000000037,0.11173539999998638,0.1283894000000032,0.11138850000003231,15.71617580000003,0.35737840000001597,0.09998639424641927,0.005189275412542936,784888,1569788
synthetic_nature,bec,0.1,90,1,14.760105119850405,0.48880143492953526,8.404565468302483,0.19969170000001668,0.017336699999987104,0.022539400000027854,0.021989100000041617,3.456359700000064,0.5060128000000077,0.10000477666440218,0.005241952720899414,187144,374300
synthetic_geometric,bec,0.1,90,1,14.79089318340073,0.6707850686913307,14.708461135632527,0.17946960000000445,0.010107699999991837,0.013624300000003586,0.011958300000003419,2.0081256999999937,0.4166693999999893,0.09996202256944445,0.0056669409740405475,106936,213884
synthetic_gradient,bec,0.1,90,1,16.988835323804203,0.660562246552848,16.096937940068774,0.18448680000000195,0.00941920000002483,0.011456899999984671,0.01150969999997642,1.8865399000000025,0.4584507000000144,0.10027567545572917,0.005567381693139021,97712,195436
synthetic_noise,bec,0.1,90,1,6.538745889985362,0.13632469269330094,0.9429188048534842,0.4380396000000246,0.17783130000003666,0.21160840000004555,0.2136365000000069,31.953190999999947,0.79408090000004,0.10018651625689338,0.0056448131984077506,1668080,3336172
synthetic_nature,bec,0.2,10,1,10.144798323636717,0.28500575963050334,28.887452248016455,0.17646010000004253,0.004979999999989104,0.006664300000011281,0.006407200000012381,1.0127512999999908,0.08792280000000119,0.20218331473214285,0.021929180135174847,54448,108908
synthetic_geometric,bec,0.2,10,1,10.202089823380973,0.3617035980277734,32.88859150217464,0.1697846999999797,0.004051200000048993,0.005577500000015334,0.005758099999980004,0.8712179000000333,0.08841150000000653,0.201629638671875,0.02300100368016059,47824,95660
synthetic_gradient,bec,0.2,10,1,10.674125341874547,0.33481155770861765,35.08351177730193,0.17704880000002277,0.0038845000000264918,0.00546529999996892,0.005422399999986283,0.8099609999999302,0.0887124000000199,0.20176003196022727,0.0208110278372591,44832,89676
synthetic_noise,bec,0.2,10,1,6.854896723336376,0.10168803732016896,10.870728740462235,0.1895943000000102,0.014139800000009473,0.0184174999999982,0.018885000000011587,2.636809600000049,0.19165209999999888,0.20036146375868055,0.021556728961627778,144688,289388
synthetic_nature,bec,0.2,50,1,8.97600155737251,0.1811182126143985,15.718580108730412,0.18212879999998677,0.009585800000024847,0.012571399999956157,0.012788000000000466,1.861343799999986,0.20737829999995938,0.200927734375,0.0228054045410937,100064,200140
synthetic_geometric,bec,0.2,50,1,10.101915930797976,0.42325275307381993,24.736789129340714,0.17936269999995602,0.006059800000002724,0.007689299999981358,0.008071500000028209,1.1578197999999134,0.20264480000003005,0.201324462890625,0.024046930045294415,63584,127180
synthetic_gradient,bec,0.2,50,1,11.904057180832321,0.43850689991245034,23.982434740180533,0.17369090000005372,0.005945499999995718,0.0072210999999811065,0.007556399999998575,1.2019617999999923,0.22938590000001113,0.20127958409926472,0.02137716516223469,65584,131180
synthetic_noise,bec,0.2,50,1,5.998993999146563,0.0665805024889202,2.0039343192914147,0.30566239999996014,0.07917850000001181,0.10228009999997312,0.1018359999999916,14.514487099999997,0.35674799999998186,0.19985071818033853,0.021132951452946153,784888,1569788
synthetic_nature,bec,0.2,90,1,10.410006563888064,0.15562005002818527,8.404565468302483,0.18794120000001158,0.019446700000003148,0.024027399999965837,0.024999100000002272,3.4446146999999883,0.5093605000000139,0.20043149201766305,0.0219777283802847,187144,374300
synthetic_geometric,bec,0.2,90,1,11.249661381301328,0.35225695488385583,14.708461135632527,0.1835040999999933,0.010284699999999702,0.012910900000008496,0.015240500000004431,1.962022300000001,0.4111347999999566,0.20076045283564814,0.02267711528390813,106936,213884
synthetic_gradient,bec,0.2,90,1,11.574657158407575,0.2626916707376367,16.096937940068774,0.1834856999999488,0.010063000000002376,0.01126219999997602,0.011525000000006003,1.7930223000000183,0.46534059999999045,0.20107523600260416,0.021993204519403963,97712,195436
synthetic_noise,bec,0.2,90,1,6.564763586812208,0.05683665340880593,0.9429188048534842,0.43435139999996863,0.17023020000004863,0.21116289999997662,0.2260063999999602,40.090931100000034,1.4009766999999442,0.2000902961282169,0.02266438060524675,1668080,3336172
synthetic_nature,bsc,0.05,50,1,7.3595301635600645,0.07767983695016344,15.718580108730412,0.4741010999999844,0.014753799999994044,0.021899200000007113,0.021392600000012862,1.0558770000000095,0.41046569999997473,0.049658203125,0.053735609210105534,100064,200140
synthetic_nature,bsc,0.05,50,3,10.332427218663023,0.30887247200480017,5.239526702910138,0.47388069999999516,0.05106290000003355,0.06443500000000313,0.06340359999995826,3.320597599999985,0.5256842999999662,0.04948466532939189,0.05286616565398145,300192,600396
synthetic_nature,bsc,0.05,50,5,14.395182354167446,0.6245416291062887,3.1437160217460827,0.28765300000003435,0.053458900000009635,0.06523010000000795,0.06486300000000256,3.6605310999999574,0.31789070000002084,0.04980270261686992,0.05297209785737128,500320,1000652
synthetic_nature,bec,0.1,50,1,13.459910847528295,0.5664261301163718,15.718580108730412,0.18134900000001153,0.009256700000037199,0.012541099999964445,0.013773700000001554,2.9007488999999964,0.44983120000000554,0.1001953125,0.005706347937320115,100064,200140
synthetic_nature,bec,0.1,50,3,27.049239794788175,0.9551197490342253,5.239526702910138,0.4762064000000237,0.04862140000000181,0.06654789999998911,0.062295300000016596,9.202585799999952,0.525553499999944,0.09977433488175676,0.0050567636712504,300192,600396
synthetic_nature,bec,0.1,50,5,40.95311169419615,0.974870048636307,3.1437160217460827,0.4664617999999905,0.0772489999999948,0.10527050000001736,0.10046569999997246,15.366783899999916,0.5837351000000126,0.09986840224847561,0.005330588423409019,500320,1000652
